RowNumber,ProductNumber,CoverDate,Title,Url,Version,PublicationDate
1,"IF10604","8/17/2021","Terrorist Groups in Afghanistan","https://crsreports.congress.gov/product/pdf/download/IF/IF10604/IF10604.pdf/","13","02/16/2017"
2,"R46879","8/20/2021","U.S. Military Withdrawal and Taliban Takeover in Afghanistan: Frequently Asked Questions","https://crsreports.congress.gov/product/pdf/download/R/R46879/R46879.pdf/","1","08/20/2021"
3,"IN11726","8/17/2021","The Afghanistan Withdrawal: Military and Defense Implications","https://crsreports.congress.gov/product/pdf/download/IN/IN11726/IN11726.pdf/","2","08/17/2021"
4,"R46197","1/28/2020","The Washington Post's 'Afghanistan Papers' and U.S. Policy: Main Points and Possible Questions for Congress","https://crsreports.congress.gov/product/pdf/download/R/R46197/R46197.pdf/","4","01/28/2020"
5,"R44116","2/22/2021","Department of Defense Contractor and Troop Levels in Afghanistan and Iraq: 2007-2020","https://crsreports.congress.gov/product/pdf/download/R/R44116/R44116.pdf/","23","07/22/2015"
6,"IN11725","8/16/2021","Taliban Establish Control Over Afghanistan Amid Government Collapse and U.S. Withdrawal","https://crsreports.congress.gov/product/pdf/download/IN/IN11725/IN11725.pdf/","2","08/16/2021"
7,"IF11646","8/18/2021","Afghan Women and Girls: Status and Congressional Action ","https://crsreports.congress.gov/product/pdf/download/IF/IF11646/IF11646.pdf/","8","09/11/2020"
8,"IN11428","6/19/2020","International Criminal Court: U.S. Sanctions in Response to Investigation of War Crimes in Afghanistan","https://crsreports.congress.gov/product/pdf/download/IN/IN11428/IN11428.pdf/","1","06/19/2020"
9,"IN11502","9/16/2020","Intra-Afghan Talks Commence in Doha, Qatar","https://crsreports.congress.gov/product/pdf/download/IN/IN11502/IN11502.pdf/","2","09/16/2020"
10,"R45122","6/11/2021","Afghanistan: Background and U.S. Policy: In Brief","https://crsreports.congress.gov/product/pdf/download/R/R45122/R45122.pdf/","47","03/05/2018"
11,"R44853","5/19/2017","Additional Troops for Afghanistan? Considerations for Congress","https://crsreports.congress.gov/product/pdf/download/R/R44853/R44853.pdf/","3","05/19/2017"
12,"R43725","6/21/2021","Iraqi and Afghan Special Immigrant Visa Programs","https://crsreports.congress.gov/product/pdf/download/R/R43725/R43725.pdf/","17","09/12/2014"
13,"LSB10505","6/30/2020","Can the International Criminal Court Investigate U.S. Personnel?","https://crsreports.congress.gov/product/pdf/download/LSB/LSB10505/LSB10505.pdf/","1","06/30/2020"
14,"IF11182","4/18/2019","U.S. War Costs, Casualties, and Personnel Levels Since 9/11 ","https://crsreports.congress.gov/product/pdf/download/IF/IF11182/IF11182.pdf/","2","04/18/2019"
15,"IF10290","8/14/2020","Tajikistan","https://crsreports.congress.gov/product/pdf/download/IF/IF10290/IF10290.pdf/","12","09/15/2015"
16,"IF11854","6/14/2021","Al Qaeda: Background, Current Status, and U.S. Policy","https://crsreports.congress.gov/product/pdf/download/IF/IF11854/IF11854.pdf/","2","06/14/2021"
17,"IF10600","2/3/2021","Defense Primer: Department of Defense Contractors","https://crsreports.congress.gov/product/pdf/download/IF/IF10600/IF10600.pdf/","9","02/10/2017"
18,"R43074","5/17/2013","Department of Defense's Use of Contractors to Support Military Operations: Background, Analysis, and Issues for Congress","https://crsreports.congress.gov/product/pdf/download/R/R43074/R43074.pdf/","7","05/17/2013"
19,"IF11270","7/8/2021","Pakistan-U.S. Relations","https://crsreports.congress.gov/product/pdf/download/IF/IF11270/IF11270.pdf/","4","07/15/2019"
20,"IF10302","9/22/2020","Uzbekistan","https://crsreports.congress.gov/product/pdf/download/IF/IF10302/IF10302.pdf/","7","10/13/2015"
21,"IF10899","5/17/2021","Trends in Active-Duty Military Deaths Since 2006","https://crsreports.congress.gov/product/pdf/download/IF/IF10899/IF10899.pdf/","12","06/01/2018"
22,"IF10497","11/4/2016","Global Polio Eradication Efforts","https://crsreports.congress.gov/product/pdf/download/IF/IF10497/IF10497.pdf/","2","11/04/2016"
23,"R41832","5/24/2012","Pakistan-U.S. Relations","https://crsreports.congress.gov/product/pdf/download/R/R41832/R41832.pdf/","16","05/24/2011"
24,"IG10000","12/15/2015","U.S. Military Casualty Statistics","https://crsreports.congress.gov/product/pdf/download/IG/IG10000/IG10000.pdf/","7","10/03/2016"
25,"RS21405","6/5/2020","U.S. Periods of War and Dates of Recent Conflicts","https://crsreports.congress.gov/product/pdf/download/RS/RS21405/RS21405.pdf/","31","05/19/2005"
26,"IF11428","2/13/2020","United States Central Command","https://crsreports.congress.gov/product/pdf/download/IF/IF11428/IF11428.pdf/","1","02/13/2020"
27,"R43788","1/28/2015","Defense: FY2015 Authorization and Appropriations","https://crsreports.congress.gov/product/pdf/download/R/R43788/R43788.pdf/","12","11/17/2014"
28,"IF11094","6/24/2021","U.S.-European Relations in the 117th Congress","https://crsreports.congress.gov/product/pdf/download/IF/IF11094/IF11094.pdf/","14","02/04/2019"
29,"R43983","4/14/2015","2001 Authorization for Use of Military Force: Issues Concerning Its Continued Application ","https://crsreports.congress.gov/product/pdf/download/R/R43983/R43983.pdf/","3","04/14/2015"
30,"IF11726","1/13/2021","Middle East: Key Issues for the 117th Congress","https://crsreports.congress.gov/product/pdf/download/IF/IF11726/IF11726.pdf/","3","01/13/2021"
31,"RL34024","11/30/2015","Veterans and Homelessness","https://crsreports.congress.gov/product/pdf/download/RL/RL34024/RL34024.pdf/","47","05/31/2007"
32,"R43717","9/3/2014","Pakistan Political Unrest: In Brief","https://crsreports.congress.gov/product/pdf/download/R/R43717/R43717.pdf/","3","09/05/2014"
33,"IF10211","4/4/2019","Foreign Leaders Addressing Congress","https://crsreports.congress.gov/product/pdf/download/IF/IF10211/IF10211.pdf/","8","04/28/2015"
34,"RL31693","1/9/2020","U.S. Armed Forces Abroad: Selected Congressional Votes Since 1982","https://crsreports.congress.gov/product/pdf/download/RL/RL31693/RL31693.pdf/","13","05/19/2005"
35,"RL34543","3/19/2015","International Drug Control Policy: Background and U.S. Responses","https://crsreports.congress.gov/product/pdf/download/RL/RL34543/RL34543.pdf/","24","06/24/2008"
36,"IF10143","8/13/2021","Foreign Affairs Overseas Contingency Operations (OCO) Funding: Background and Current Status","https://crsreports.congress.gov/product/pdf/download/IF/IF10143/IF10143.pdf/","15","03/03/2015"
37,"IF11525","4/30/2020","COVID-19: National Security and Defense Strategy","https://crsreports.congress.gov/product/pdf/download/IF/IF11525/IF11525.pdf/","1","04/30/2020"
38,"RL33446","7/17/2020","Military Pay: Key Questions and Answers","https://crsreports.congress.gov/product/pdf/download/RL/RL33446/RL33446.pdf/","27","06/01/2006"
39,"R45013","6/4/2018","FY2018 National Defense Authorization Act","https://crsreports.congress.gov/product/pdf/download/R/R45013/R45013.pdf/","10","11/08/2017"
40,"IF10710","8/18/2017","State Department Country Report on Terrorism: 2001-2016 Trends ","https://crsreports.congress.gov/product/pdf/download/IF/IF10710/IF10710.pdf/","2","08/18/2017"
41,"IF10303","8/21/2020","Turkmenistan","https://crsreports.congress.gov/product/pdf/download/IF/IF10303/IF10303.pdf/","8","10/13/2015"
42,"IF10183","5/6/2020","U.S. Foreign Assistance","https://crsreports.congress.gov/product/pdf/download/IF/IF10183/IF10183.pdf/","14","04/13/2015"
43,"IF10921","6/29/2018","FY2019 National Defense Authorization Act: An Overview of Senate Action","https://crsreports.congress.gov/product/pdf/download/IF/IF10921/IF10921.pdf/","2","06/29/2018"
44,"R40213","4/30/2020","Foreign Assistance: An Introduction to U.S. Programs and Policy","https://crsreports.congress.gov/product/pdf/download/R/R40213/R40213.pdf/","30","02/11/2009"
45,"IF11801","4/2/2021","Romania: An Overview","https://crsreports.congress.gov/product/pdf/download/IF/IF11801/IF11801.pdf/","2","04/02/2021"
46,"RS22452","8/7/2015","A Guide to U.S. Military Casualty Statistics: Operation Freedom's Sentinel, Operation Inherent Resolve, Operation New Dawn, Operation Iraqi Freedom, and Operation Enduring Freedom","https://crsreports.congress.gov/product/pdf/download/RS/RS22452/RS22452.pdf/","32","06/09/2006"
47,"IF10936","7/27/2018","FY2019 Defense Appropriations Bill: An Overview of S. 3159, as Reported","https://crsreports.congress.gov/product/pdf/download/IF/IF10936/IF10936.pdf/","2","07/27/2018"
48,"IF10259","3/20/2019","Europe's Refugee and Migration Flows","https://crsreports.congress.gov/product/pdf/download/IF/IF10259/IF10259.pdf/","9","07/17/2015"
49,"IF11670","3/9/2021","The Army's New Regionally Aligned Readiness and Modernization Model","https://crsreports.congress.gov/product/pdf/download/IF/IF11670/IF11670.pdf/","2","10/23/2020"
50,"R44137","11/17/2016","Naval Station Guantanamo Bay: History and Legal Issues Regarding Its Lease Agreements","https://crsreports.congress.gov/product/pdf/download/R/R44137/R44137.pdf/","7","08/05/2015"
51,"R44454","6/28/2017","Defense: FY2017 Budget Request, Authorization, and Appropriations","https://crsreports.congress.gov/product/pdf/download/R/R44454/R44454.pdf/","7","04/12/2016"
52,"R46695","2/25/2021","The U.S. 'Majors List' of Illicit Drug-Producing and Drug-Transit Countries","https://crsreports.congress.gov/product/pdf/download/R/R46695/R46695.pdf/","2","02/26/2021"
53,"IF10675","7/1/2021","Army Security Force Assistance Brigades (SFABs)","https://crsreports.congress.gov/product/pdf/download/IF/IF10675/IF10675.pdf/","13","06/15/2017"
54,"RL33529","9/1/2011","India: Domestic Issues, Strategic Dynamics, and U.S. Relations ","https://crsreports.congress.gov/product/pdf/download/RL/RL33529/RL33529.pdf/","35","07/12/2006"
55,"R42699","3/8/2019","The War Powers Resolution: Concepts and Practice","https://crsreports.congress.gov/product/pdf/download/R/R42699/R42699.pdf/","16","09/06/2012"
56,"IF11542","5/8/2020","The Army's AimPoint Force Structure Initiative","https://crsreports.congress.gov/product/pdf/download/IF/IF11542/IF11542.pdf/","1","05/08/2020"
57,"IF10389","1/15/2021","New Zealand","https://crsreports.congress.gov/product/pdf/download/IF/IF10389/IF10389.pdf/","9","04/15/2016"
58,"RS22373","12/17/2019","Navy Irregular Warfare and Counterterrorism Operations: Background and Issues for Congress","https://crsreports.congress.gov/product/pdf/download/RS/RS22373/RS22373.pdf/","126","02/06/2006"
59,"IF10487","5/7/2021","Turkey-U.S. Relations: Timeline and Brief Historical Context","https://crsreports.congress.gov/product/pdf/download/IF/IF10487/IF10487.pdf/","8","10/14/2016"
60,"R46066","6/3/2021","NATO: Key Issues for the 117th Congress","https://crsreports.congress.gov/product/pdf/download/R/R46066/R46066.pdf/","13","11/27/2019"
61,"IF11403","1/9/2020","The 2019-2020 Iran Crisis and U.S. Military Deployments ","https://crsreports.congress.gov/product/pdf/download/IF/IF11403/IF11403.pdf/","4","01/08/2020"
62,"IN11504","9/16/2020","Burmese Soldiers Confess to Slaughtering Rohingya Civilians","https://crsreports.congress.gov/product/pdf/download/IN/IN11504/IN11504.pdf/","3","09/17/2020"
63,"IF10901","11/6/2020","Child Soldiers Prevention Act: Security Assistance Restrictions","https://crsreports.congress.gov/product/pdf/download/IF/IF10901/IF10901.pdf/","10","06/06/2018"
64,"R44034","5/14/2015","Pakistan-U.S. Relations: Issues for the 114th Congress","https://crsreports.congress.gov/product/pdf/download/R/R44034/R44034.pdf/","4","05/14/2015"
65,"R44519","9/6/2019","Overseas Contingency Operations Funding: Background and Status","https://crsreports.congress.gov/product/pdf/download/R/R44519/R44519.pdf/","12","06/13/2016"
66,"IF10954","3/30/2021","Air Force OA-X Light Attack Aircraft/SOCOM Armed Overwatch Program","https://crsreports.congress.gov/product/pdf/download/IF/IF10954/IF10954.pdf/","4","08/23/2018"
67,"IF10580","10/24/2017","Transnational Crime Issues: International Drug Trafficking","https://crsreports.congress.gov/product/pdf/download/IF/IF10580/IF10580.pdf/","3","01/06/2017"
68,"IF11849","6/7/2021","National Guard and Reserve Eligibility for the Post-9/11 GI Bill","https://crsreports.congress.gov/product/pdf/download/IF/IF11849/IF11849.pdf/","1","06/10/2021"
69,"IF10328","5/10/2021","The Islamic State","https://crsreports.congress.gov/product/pdf/download/IF/IF10328/IF10328.pdf/","19","11/25/2015"
70,"IN11724","8/16/2021","VA Now Processing Gulf War Veterans' Disability Claims for New Respiratory Presumptive Conditions","https://crsreports.congress.gov/product/pdf/download/IN/IN11724/IN11724.pdf/","1","08/16/2021"
71,"IF11395","12/18/2019","Changes to India's Citizenship Laws","https://crsreports.congress.gov/product/pdf/download/IF/IF11395/IF11395.pdf/","1","12/19/2019"
72,"R46812","6/7/2021","FY2021 Defense Appropriations Act: Context and Selected Issues for Congress","https://crsreports.congress.gov/product/pdf/download/R/R46812/R46812.pdf/","3","06/07/2021"
73,"IF10582","1/6/2017","Security Cooperation Issues: FY2017 NDAA Outcomes","https://crsreports.congress.gov/product/pdf/download/IF/IF10582/IF10582.pdf/","2","01/06/2017"
74,"R45807","6/28/2019","India's 2019 National Election and Implications for U.S. Interests","https://crsreports.congress.gov/product/pdf/download/R/R45807/R45807.pdf/","5","07/09/2019"
75,"RL33010","5/13/2020","Australia: Background and U.S. Relations","https://crsreports.congress.gov/product/pdf/download/RL/RL33010/RL33010.pdf/","26","07/27/2005"
76,"R43647","12/11/2014","FY2015 National Defense Authorization Act: Selected Military Personnel Issues","https://crsreports.congress.gov/product/pdf/download/R/R43647/R43647.pdf/","6","07/16/2014"
77,"IF11388","6/23/2020","U.S.-South Korea Alliance: Issues for Congress","https://crsreports.congress.gov/product/pdf/download/IF/IF11388/IF11388.pdf/","2","12/13/2019"
78,"IF10928","7/19/2018","FY2019 Defense Appropriations Bill: An Overview of House-passed H.R. 6157","https://crsreports.congress.gov/product/pdf/download/IF/IF10928/IF10928.pdf/","2","07/19/2018"
79,"R43569","1/16/2015","State, Foreign Operations, and Related Programs: FY2015 Budget and Appropriations","https://crsreports.congress.gov/product/pdf/download/R/R43569/R43569.pdf/","12","05/28/2014"
80,"IF10261","8/14/2020","U.S. Agency for International Development: An Overview","https://crsreports.congress.gov/product/pdf/download/IF/IF10261/IF10261.pdf/","10","07/22/2015"
81,"IF11338","10/23/2019","Diplomatic Security and the Role of Congress","https://crsreports.congress.gov/product/pdf/download/IF/IF11338/IF11338.pdf/","1","10/23/2019"
82,"IF10895","12/14/2018","2018 World Bank Capital Increase Proposal","https://crsreports.congress.gov/product/pdf/download/IF/IF10895/IF10895.pdf/","3","05/23/2018"
83,"IF10887","5/9/2018","The FY2019 Defense Budget Request: An Overview","https://crsreports.congress.gov/product/pdf/download/IF/IF10887/IF10887.pdf/","2","05/09/2018"
84,"R42337","1/23/2014","Detention of U.S. Persons as Enemy Belligerents","https://crsreports.congress.gov/product/pdf/download/R/R42337/R42337.pdf/","17","02/03/2012"
85,"R44711","10/7/2020","Department of Defense Research, Development, Test, and Evaluation (RDT&E): Appropriations Structure","https://crsreports.congress.gov/product/pdf/download/R/R44711/R44711.pdf/","9","12/14/2016"
86,"IF11258","6/26/2019","FY2020 National Defense Authorization Act (H.R. 2500, S. 1790)","https://crsreports.congress.gov/product/pdf/download/IF/IF11258/IF11258.pdf/","2","06/26/2019"
87,"IF11047","12/14/2018","The Asia Pacific: Challenges and Opportunities for U.S. Policy","https://crsreports.congress.gov/product/pdf/download/IF/IF11047/IF11047.pdf/","2","12/14/2018"
88,"IF10726","8/16/2017","China-India Rivalry in the Indian Ocean ","https://crsreports.congress.gov/product/pdf/download/IF/IF10726/IF10726.pdf/","2","09/07/2017"
89,"IF10942","8/7/2018","FY2019 National Defense Authorization Act: An Overview of H.R. 5515	","https://crsreports.congress.gov/product/pdf/download/IF/IF10942/IF10942.pdf/","2","08/07/2018"
90,"IN11596","3/4/2021","Russia: Poisoning of Alexei Navalny and U.S. Policy","https://crsreports.congress.gov/product/pdf/download/IN/IN11596/IN11596.pdf/","3","02/09/2021"
91,"R43612","9/25/2018","The Islamic State and U.S. Policy","https://crsreports.congress.gov/product/pdf/download/R/R43612/R43612.pdf/","76","06/20/2014"
92,"IN11328","4/13/2020","Special Inspector General for Pandemic Recovery: Responsibilities, Authority, and Appointment","https://crsreports.congress.gov/product/pdf/download/IN/IN11328/IN11328.pdf/","1","04/13/2020"
93,"IF11566","6/11/2020","Congress, Civilian Control of the Military, and Nonpartisanship","https://crsreports.congress.gov/product/pdf/download/IF/IF11566/IF11566.pdf/","3","06/10/2020"
94,"IF10508","11/18/2016","Global Efforts to Control Cholera ","https://crsreports.congress.gov/product/pdf/download/IF/IF10508/IF10508.pdf/","2","11/21/2016"
95,"IF11689","11/20/2020","Selected Authorities to Obtain DOD Personal Property","https://crsreports.congress.gov/product/pdf/download/IF/IF11689/IF11689.pdf/","1","11/20/2020"
96,"R45996","6/11/2021","Precision-Guided Munitions: Background and Issues for Congress","https://crsreports.congress.gov/product/pdf/download/R/R45996/R45996.pdf/","9","11/06/2019"
97,"IF11000","10/9/2018","Pakistan's Economic Crisis","https://crsreports.congress.gov/product/pdf/download/IF/IF11000/IF11000.pdf/","2","10/10/2018"
98,"IF10281","6/7/2021","China Primer: Uyghurs","https://crsreports.congress.gov/product/pdf/download/IF/IF10281/IF10281.pdf/","44","08/16/2015"
99,"IF11440","4/8/2021","U.S. Antipersonnel Landmine Use Policy","https://crsreports.congress.gov/product/pdf/download/IF/IF11440/IF11440.pdf/","3","02/28/2020"
100,"R45816","7/18/2019","FY2019 National Defense Authorization Act (H.R. 5515)","https://crsreports.congress.gov/product/pdf/download/R/R45816/R45816.pdf/","2","07/19/2019"
101,"IF11172","4/8/2019","'Space Force' and Related DOD Proposals: Issues for Congress","https://crsreports.congress.gov/product/pdf/download/IF/IF11172/IF11172.pdf/","2","04/08/2019"
102,"IF10359","3/5/2020","Pakistan's Domestic Political Setting","https://crsreports.congress.gov/product/pdf/download/IF/IF10359/IF10359.pdf/","23","02/16/2016"
103,"R45784","6/25/2019","Poland: Background and U.S. Relations","https://crsreports.congress.gov/product/pdf/download/R/R45784/R45784.pdf/","1","06/25/2019"
104,"R44552","5/12/2021","New Zealand: Background and Relations with the United States","https://crsreports.congress.gov/product/pdf/download/R/R44552/R44552.pdf/","6","07/01/2016"
105,"IF11496","4/6/2020","COVID-19 and Foreign Assistance: Issues for Congress","https://crsreports.congress.gov/product/pdf/download/IF/IF11496/IF11496.pdf/","2","04/07/2020"
106,"IF11274","5/11/2021","Defense Primer: Active Duty Enlisted Retention ","https://crsreports.congress.gov/product/pdf/download/IF/IF11274/IF11274.pdf/","4","07/26/2019"
107,"IF10484","8/11/2021","Defense Primer: Department of the Navy","https://crsreports.congress.gov/product/pdf/download/IF/IF10484/IF10484.pdf/","19","10/14/2016"
108,"R46616","11/24/2020","Russian Military Intelligence: Background and Issues for Congress","https://crsreports.congress.gov/product/pdf/download/R/R46616/R46616.pdf/","6","11/24/2020"
109,"R42136","1/3/2012","U.S. Unmanned Aerial Systems","https://crsreports.congress.gov/product/pdf/download/R/R42136/R42136.pdf/","6","01/06/2012"
110,"IF10926","7/9/2020","Mongolia","https://crsreports.congress.gov/product/pdf/download/IF/IF10926/IF10926.pdf/","9","07/10/2018"
111,"R46571","10/9/2020","Australia's Strategic Posture: Issues for Congress","https://crsreports.congress.gov/product/pdf/download/R/R46571/R46571.pdf/","3","10/16/2020"
112,"IF10615","10/23/2017","Financial Crime Issues: Global Illicit Drug Proceeds","https://crsreports.congress.gov/product/pdf/download/IF/IF10615/IF10615.pdf/","3","03/16/2017"
113,"R45898","9/3/2019","U.S.-China Relations","https://crsreports.congress.gov/product/pdf/download/R/R45898/R45898.pdf/","5","08/30/2019"
114,"IF11725","6/21/2021","Bulgaria: An Overview","https://crsreports.congress.gov/product/pdf/download/IF/IF11725/IF11725.pdf/","4","01/13/2021"
115,"R46282","3/24/2020","Department of Veterans Affairs: Caregiver Support","https://crsreports.congress.gov/product/pdf/download/R/R46282/R46282.pdf/","2","03/24/2020"
116,"R45968","1/26/2021","Limits on TRICARE for Reservists: Frequently Asked Questions","https://crsreports.congress.gov/product/pdf/download/R/R45968/R45968.pdf/","5","10/17/2019"
117,"IF10491","10/25/2019","Australia ","https://crsreports.congress.gov/product/pdf/download/IF/IF10491/IF10491.pdf/","7","10/24/2016"
118,"R46373","5/27/2020","Countering Corruption Through U.S. Foreign Assistance","https://crsreports.congress.gov/product/pdf/download/R/R46373/R46373.pdf/","4","05/27/2020"
119,"IF10273","8/6/2015","China's 'One Belt, One Road' ","https://crsreports.congress.gov/product/pdf/download/IF/IF10273/IF10273.pdf/","2","08/07/2015"
120,"R45689","4/12/2019","FY2019 Defense Appropriations Act (P.L. 115-245)","https://crsreports.congress.gov/product/pdf/download/R/R45689/R45689.pdf/","3","04/12/2019"
121,"LSB10549","11/2/2020","Military Appellate Court: Presidential Comments Can Amount to Unlawful Command Influence","https://crsreports.congress.gov/product/pdf/download/LSB/LSB10549/LSB10549.pdf/","2","11/02/2020"
122,"R43808","12/5/2014","Army Active Component (AC)/Reserve Component (RC) Force Mix: Considerations and Options for Congress","https://crsreports.congress.gov/product/pdf/download/R/R43808/R43808.pdf/","3","12/05/2014"
123,"IF10253","6/17/2020","Thailand: Background and U.S. Relations","https://crsreports.congress.gov/product/pdf/download/IF/IF10253/IF10253.pdf/","10","07/13/2015"
124,"IN11362","1/13/2021","COVID-19-Related Suspension of Immigrant Entry","https://crsreports.congress.gov/product/pdf/download/IN/IN11362/IN11362.pdf/","7","04/27/2020"
125,"IF11698","12/9/2020","Legislative Proposals Related to the Removal of Inspectors General in the 116th Congress","https://crsreports.congress.gov/product/pdf/download/IF/IF11698/IF11698.pdf/","4","12/09/2020"
126,"IF11677","5/17/2021","Defense Primer: DOD 'Title 10' Security Cooperation","https://crsreports.congress.gov/product/pdf/download/IF/IF11677/IF11677.pdf/","4","11/02/2020"
127,"IF11408","1/15/2020","Reforms in Uzbekistan","https://crsreports.congress.gov/product/pdf/download/IF/IF11408/IF11408.pdf/","2","01/15/2020"
128,"IF11783","3/30/2021","Biometric Technologies and Global Security","https://crsreports.congress.gov/product/pdf/download/IF/IF11783/IF11783.pdf/","2","03/08/2021"
129,"R45749","6/3/2019","War Legacy Issues in Southeast Asia: Unexploded Ordnance (UXO)","https://crsreports.congress.gov/product/pdf/download/R/R45749/R45749.pdf/","2","06/04/2019"
130,"RL34092","3/17/2008","Commerce, Justice, Science, and Related Agencies: FY2008 Appropriations","https://crsreports.congress.gov/product/pdf/download/RA/RL34092/RL34092.pdf/","17","07/20/2007"
131,"IF11007","11/25/2020","Defense Primer: Personnel Tempo (PERSTEMPO)","https://crsreports.congress.gov/product/pdf/download/IF/IF11007/IF11007.pdf/","7","10/23/2018"
132,"R44474","6/2/2016","Goldwater-Nichols at 30: Defense Reform and Issues for Congress","https://crsreports.congress.gov/product/pdf/download/R/R44474/R44474.pdf/","12","04/20/2016"
133,"IF10868","4/5/2018","FY2018 Defense Appropriations Act: An Overview","https://crsreports.congress.gov/product/pdf/download/IF/IF10868/IF10868.pdf/","2","04/05/2018"
134,"LSB10291","6/7/2019","Frequently Asked Questions about the Julian Assange Charges","https://crsreports.congress.gov/product/pdf/download/LSB/LSB10291/LSB10291.pdf/","3","04/22/2019"
135,"IF10304","1/25/2021","Kyrgyz Republic","https://crsreports.congress.gov/product/pdf/download/IF/IF10304/IF10304.pdf/","12","10/13/2015"
136,"R46421","6/17/2020","DOD Transfer and Reprogramming Authorities: Background, Status, and Issues for Congress","https://crsreports.congress.gov/product/pdf/download/R/R46421/R46421.pdf/","2","06/17/2020"
137,"IF10568","7/23/2021","Overview of the Global Humanitarian and Displacement Crisis","https://crsreports.congress.gov/product/pdf/download/IF/IF10568/IF10568.pdf/","14","12/23/2016"
138,"IF11550","9/3/2020","Protecting Against Rogue Drones","https://crsreports.congress.gov/product/pdf/download/IF/IF11550/IF11550.pdf/","3","05/14/2020"
139,"IF11118","10/29/2020","Defense Primer: Electronic Warfare","https://crsreports.congress.gov/product/pdf/download/IF/IF11118/IF11118.pdf/","9","02/26/2019"
140,"IF10574","12/30/2020","Defense Primer: Intelligence Support to Military Operations","https://crsreports.congress.gov/product/pdf/download/IF/IF10574/IF10574.pdf/","9","12/30/2016"
141,"R45115","2/22/2018","H.R. 4508, the PROSPER Act: Proposed Reauthorization of the Higher Education Act ","https://crsreports.congress.gov/product/pdf/download/R/R45115/R45115.pdf/","4","02/27/2018"
142,"IF10251","1/25/2021","Kazakhstan","https://crsreports.congress.gov/product/pdf/download/IF/IF10251/IF10251.pdf/","12","07/09/2015"
143,"IF10560","5/12/2017","The Changing Geopolitics of Asia: Issues for Congress","https://crsreports.congress.gov/product/pdf/download/IF/IF10560/IF10560.pdf/","6","12/20/2016"
144,"IF11606","7/29/2020","COVID-19 and Foreign Assistance: Congressional Oversight Framework and Current Activities","https://crsreports.congress.gov/product/pdf/download/IF/IF11606/IF11606.pdf/","1","07/29/2020"
145,"IF10891","5/22/2018","FY2019 National Defense Authorization Act: An Overview of H.R. 5515, as Reported","https://crsreports.congress.gov/product/pdf/download/IF/IF10891/IF10891.pdf/","2","05/22/2018"
146,"R40482","4/10/2019","Department of State, Foreign Operations Appropriations: A Guide to Component Accounts","https://crsreports.congress.gov/product/pdf/download/R/R40482/R40482.pdf/","33","04/02/2009"
147,"RS22907","2/22/2019","Cluster Munitions: Background and Issues for Congress","https://crsreports.congress.gov/product/pdf/download/RS/RS22907/RS22907.pdf/","32","06/27/2008"
148,"IF11139","3/19/2019","Evaluating DOD Strategy: Key Findings of the National Defense Strategy Commission","https://crsreports.congress.gov/product/pdf/download/IF/IF11139/IF11139.pdf/","2","03/19/2019"
149,"IF11409","4/22/2021","Defense Primer: Army Multi-Domain Operations (MDO)","https://crsreports.congress.gov/product/pdf/download/IF/IF11409/IF11409.pdf/","4","01/16/2020"
150,"IF10154","1/21/2021","Asian Infrastructure Investment Bank","https://crsreports.congress.gov/product/pdf/download/IF/IF10154/IF10154.pdf/","12","03/19/2015"
151,"IF10170","1/16/2020","Al Shabaab","https://crsreports.congress.gov/product/pdf/download/IF/IF10170/IF10170.pdf/","8","04/03/2015"
152,"IF10040","1/9/2015","DOD Train and Equip Authorities to Counter the Islamic State","https://crsreports.congress.gov/product/pdf/download/IF/IF10040/IF10040.pdf/","6","01/09/2015"
153,"R44192","9/9/2015","Unmanned Aircraft Systems (UAS): Commercial Outlook for a New Industry","https://crsreports.congress.gov/product/pdf/download/R/R44192/R44192.pdf/","4","09/09/2015"
154,"IF10561","2/10/2021","Terrorism in Europe","https://crsreports.congress.gov/product/pdf/download/IF/IF10561/IF10561.pdf/","6","12/21/2016"
155,"IN11274","3/24/2020","FY2020 Defense Reprogrammings for Wall Funding: Backgrounder","https://crsreports.congress.gov/product/pdf/download/IN/IN11274/IN11274.pdf/","2","03/24/2020"
156,"R46697","2/23/2021","Noncitizen Eligibility for Supplemental Security Income (SSI)","https://crsreports.congress.gov/product/pdf/download/R/R46697/R46697.pdf/","2","02/26/2021"
157,"LSB10574","3/23/2021","Recent White House Actions on Immigration","https://crsreports.congress.gov/product/pdf/download/LSB/LSB10574/LSB10574.pdf/","3","02/10/2021"
158,"R45877","1/13/2020","Kashmir: Background, Recent Developments, and U.S. Policy","https://crsreports.congress.gov/product/pdf/download/R/R45877/R45877.pdf/","9","08/20/2019"
159,"R42948","1/24/2013","U.S.-India Security Relations: Strategic Issues","https://crsreports.congress.gov/product/pdf/download/R/R42948/R42948.pdf/","4","02/04/2013"
160,"R44533","4/7/2021","Qatar: Governance, Security, and U.S. Policy","https://crsreports.congress.gov/product/pdf/download/R/R44533/R44533.pdf/","66","06/20/2016"
161,"R44329","1/5/2016","Using Data to Improve Defense Acquisitions: Background, Analysis, and Questions for Congress","https://crsreports.congress.gov/product/pdf/download/R/R44329/R44329.pdf/","4","01/05/2016"
162,"95-519","8/18/2015","Medal of Honor: History and Issues","https://crsreports.congress.gov/product/pdf/download/RL/95-519/95-519.pdf/","15","12/15/1998"
163,"R44876","6/19/2017","India-U.S. Relations: Issues for Congress","https://crsreports.congress.gov/product/pdf/download/R/R44876/R44876.pdf/","6","06/22/2017"
164,"R44017","1/11/2021","Iran's Foreign and Defense Policies","https://crsreports.congress.gov/product/pdf/download/R/R44017/R44017.pdf/","80","05/05/2015"
165,"R44010","7/2/2018","Defense Acquisitions: How and Where DOD Spends Its Contracting Dollars","https://crsreports.congress.gov/product/pdf/download/R/R44010/R44010.pdf/","12","04/29/2015"
166,"RS21852","4/15/2021","The United Arab Emirates (UAE): Issues for U.S. Policy","https://crsreports.congress.gov/product/pdf/download/RS/RS21852/RS21852.pdf/","131","11/29/2004"
167,"R46319","5/14/2020","Novel Coronavirus 2019 (COVID-19): Q&A on Global Implications and Responses","https://crsreports.congress.gov/product/pdf/download/R/R46319/R46319.pdf/","6","04/21/2020"
168,"R45652","3/28/2019","Assessing NATO's Value","https://crsreports.congress.gov/product/pdf/download/R/R45652/R45652.pdf/","7","03/27/2019"
169,"R43901","1/6/2016","State, Foreign Operations, and Related Programs: FY2016 Budget and Appropriations","https://crsreports.congress.gov/product/pdf/download/R/R43901/R43901.pdf/","24","02/09/2015"
170,"RL31384","4/19/2012","V-22 Osprey Tilt-Rotor Aircraft Program","https://crsreports.congress.gov/product/pdf/download/RL/RL31384/RL31384.pdf/","29","01/07/2005"
171,"RL34248","8/1/2016","Pakistan's Nuclear Weapons","https://crsreports.congress.gov/product/pdf/download/RL/RL34248/RL34248.pdf/","63","11/13/2007"
172,"RL30588","12/13/2017","Afghanistan: Post-Taliban Governance, Security, and U.S. Policy","https://crsreports.congress.gov/product/pdf/download/RL/RL30588/RL30588.pdf/","278","02/17/2005"
173,"R43540","5/9/2014","Afghanistan: Drug Trafficking and the 2014 Transition","https://crsreports.congress.gov/product/pdf/download/R/R43540/R43540.pdf/","4","05/12/2014"
174,"R40764","5/13/2011","Department of Defense Contractors in Afghanistan and Iraq: Background and Analysis","https://crsreports.congress.gov/product/pdf/download/R/R40764/R40764.pdf/","20","08/19/2009"
175,"RL33627","12/3/2009","NATO in Afghanistan: A Test of the Transatlantic Alliance","https://crsreports.congress.gov/product/pdf/download/RL/RL33627/RL33627.pdf/","24","08/28/2006"
176,"R46670","2/4/2021","U.S. Military Drawdown in Afghanistan: Frequently Asked Questions","https://crsreports.congress.gov/product/pdf/download/R/R46670/R46670.pdf/","3","02/05/2021"
177,"R45818","7/18/2019","Afghanistan: Background and U.S. Policy","https://crsreports.congress.gov/product/pdf/download/R/R45818/R45818.pdf/","2","07/19/2019"
178,"R40835","5/13/2011","The Department of Defense's Use of Private Security Contractors in Afghanistan and Iraq: Background, Analysis, and Options for Congress","https://crsreports.congress.gov/product/pdf/download/R/R40835/R40835.pdf/","15","09/29/2009"
179,"R41484","11/9/2010","Afghanistan: U.S. Rule of Law and Justice Sector Assistance","https://crsreports.congress.gov/product/pdf/download/R/R41484/R41484.pdf/","2","11/10/2010"
180,"R45329","8/19/2020","Afghanistan: Issues for Congress and Legislation 2017-2020 ","https://crsreports.congress.gov/product/pdf/download/R/R45329/R45329.pdf/","6","10/03/2018"
181,"R40699","8/21/2012","Afghanistan: U.S. Foreign Assistance","https://crsreports.congress.gov/product/pdf/download/R/R40699/R40699.pdf/","18","07/10/2009"
182,"IN11101","4/16/2019","International Criminal Court: U.S. Response to Examination of Atrocity Crimes in Afghanistan","https://crsreports.congress.gov/product/pdf/download/IN/IN11101/IN11101.pdf/","4","04/16/2019"
183,"R42084","11/14/2011","Wartime Contracting in Afghanistan: Analysis and Issues for Congress","https://crsreports.congress.gov/product/pdf/download/R/R42084/R42084.pdf/","4","11/16/2011"
184,"RL32758","1/20/2006","U.S. Military Operations in the Global War on Terrorism: Afghanistan, Africa, the Philippines, and Colombia","https://crsreports.congress.gov/product/pdf/download/RL/RL32758/RL32758.pdf/","5","02/04/2005"
185,"IN10935","10/16/2018","Momentum Toward Peace Talks in Afghanistan?","https://crsreports.congress.gov/product/pdf/download/IN/IN10935/IN10935.pdf/","4","07/24/2018"
186,"R41084","12/6/2012","Afghanistan Casualties: Military Forces and Civilians","https://crsreports.congress.gov/product/pdf/download/R/R41084/R41084.pdf/","62","02/26/2010"
187,"RL34763","11/21/2008","Islamist Militancy in the Pakistan-Afghanistan Border Region and U.S. Policy","https://crsreports.congress.gov/product/pdf/download/RL/RL34763/RL34763.pdf/","4","11/26/2008"
188,"RL33503","3/27/2007","U.S. and Coalition Military Operations in Afghanistan: Issues for Congress","https://crsreports.congress.gov/product/pdf/download/RL/RL33503/RL33503.pdf/","6","06/30/2006"
189,"IN11017","1/11/2019","Military Construction Funding in the Event of a National Emergency ","https://crsreports.congress.gov/product/pdf/download/IN/IN11017/IN11017.pdf/","4","01/11/2019"
190,"RS22707","8/10/2011","Mine-Resistant, Ambush-Protected (MRAP) Vehicles: Background and Issues for Congress","https://crsreports.congress.gov/product/pdf/download/RS/RS22707/RS22707.pdf/","21","08/21/2007"
191,"R41307","1/13/2011","Pakistan: Key Current Issues and Developments","https://crsreports.congress.gov/product/pdf/download/R/R41307/R41307.pdf/","10","06/29/2010"
192,"RL33760","12/20/2006","Foreign Affairs, Defense, and Trade: Key Issues for the 110th Congress","https://crsreports.congress.gov/product/pdf/download/RL/RL33760/RL33760.pdf/","5","12/20/2006"
193,"IN11032","2/1/2019","Evaluating Possible U.S. Troop Withdrawals from Hostile Areas","https://crsreports.congress.gov/product/pdf/download/IN/IN11032/IN11032.pdf/","2","02/01/2019"
194,"RL34276","4/22/2008","FY2008 Emergency Supplemental Appropriations for International Affairs","https://crsreports.congress.gov/product/pdf/download/RL/RL34276/RL34276.pdf/","8","12/07/2007"
195,"RL33757","1/29/2008","U.S. Army and Marine Corps Equipment Requirements: Background and Issues for Congress","https://crsreports.congress.gov/product/pdf/download/RL/RL33757/RL33757.pdf/","6","12/20/2006"
196,"R41820","3/1/2013","Department of Defense Trends in Overseas Contract Obligations","https://crsreports.congress.gov/product/pdf/download/R/R41820/R41820.pdf/","12","05/16/2011"
197,"R41809","5/5/2011","Osama bin Laden's Death: Implications and Considerations","https://crsreports.congress.gov/product/pdf/download/R/R41809/R41809.pdf/","5","05/05/2011"
198,"RL34333","1/18/2008","Does the Army Need a Full-Spectrum Force or Specialized Units? Background and Issues for Congress","https://crsreports.congress.gov/product/pdf/download/RL/RL34333/RL34333.pdf/","3","01/24/2008"
199,"RL32259","8/31/2005","Terrorism in South Asia","https://crsreports.congress.gov/product/pdf/download/RL/RL32259/RL32259.pdf/","3","12/13/2004"
200,"R40693","2/2/2010","State, Foreign Operations, and Related Programs: FY2010 Budget and Appropriations","https://crsreports.congress.gov/product/pdf/download/R/R40693/R40693.pdf/","13","07/08/2009"
201,"RL31946","6/4/2003","Iraq War: Defense Program Implications for Congress","https://crsreports.congress.gov/product/pdf/download/RL/RL31946/RL31946.pdf/","3","06/04/2003"
202,"R41761","4/8/2011","Turkey-U.S. Defense Cooperation: Prospects and Challenges","https://crsreports.congress.gov/product/pdf/download/R/R41761/R41761.pdf/","5","04/08/2011"
203,"RL33999","1/23/2008","Defense: FY2008 Authorization and Appropriations","https://crsreports.congress.gov/product/pdf/download/RA/RL33999/RL33999.pdf/","27","05/11/2007"
204,"R42116","9/12/2013","Pakistan: U.S. Foreign Aid Conditions, Restrictions, and Reporting Requirements","https://crsreports.congress.gov/product/pdf/download/R/R42116/R42116.pdf/","12","12/16/2011"
205,"R41861","2/13/2012","Defense: FY2012 Budget Request, Authorization and Appropriations","https://crsreports.congress.gov/product/pdf/download/R/R41861/R41861.pdf/","19","06/13/2011"
206,"R41424","11/18/2010","Flooding in Pakistan: Overview and Issues for Congress","https://crsreports.congress.gov/product/pdf/download/R/R41424/R41424.pdf/","10","09/22/2010"
207,"R41358","8/3/2010","Security and the Environment in Pakistan","https://crsreports.congress.gov/product/pdf/download/R/R41358/R41358.pdf/","2","08/04/2010"
208,"RL32704","12/27/2004","Foreign Affairs, Defense, and Trade: Key Issues for the 109th Congress","https://crsreports.congress.gov/product/pdf/download/RL/RL32704/RL32704.pdf/","3","12/27/2004"
209,"R41856","7/1/2013","Pakistan: U.S. Foreign Assistance","https://crsreports.congress.gov/product/pdf/download/R/R41856/R41856.pdf/","29","06/09/2011"
210,"RS22855","12/8/2014","Security Assistance Reform: 'Section 1206' Background and Issues for Congress ","https://crsreports.congress.gov/product/pdf/download/RS/RS22855/RS22855.pdf/","54","04/03/2008"
211,"RL31624","3/28/2003","Pakistan-U.S. Anti-Terrorism Cooperation","https://crsreports.congress.gov/product/pdf/download/RL/RL31624/RL31624.pdf/","3","03/28/2003"
212,"RL32876","5/27/2011","New Zealand: Background and Bilateral Relations with the United States","https://crsreports.congress.gov/product/pdf/download/RL/RL32876/RL32876.pdf/","10","04/22/2005"
213,"RS22951","9/16/2008","Japan's Political Turmoil in 2008: Background and Implications for the United States","https://crsreports.congress.gov/product/pdf/download/RS/RS22951/RS22951.pdf/","3","09/16/2008"
214,"RL34199","3/16/2010","German Foreign and Security Policy: Trends and Transatlantic Implications","https://crsreports.congress.gov/product/pdf/download/RL/RL34199/RL34199.pdf/","11","10/04/2007"
215,"R44117","7/21/2015","U.S. Agency for International Development (USAID): Background, Operations, and Issues","https://crsreports.congress.gov/product/pdf/download/R/R44117/R44117.pdf/","3","07/22/2015"
216,"IF10180","6/16/2014","U.S. Africa Command (AFRICOM) ","https://crsreports.congress.gov/product/pdf/download/IF/IF10180/IF10180.pdf/","2","04/10/2015"
217,"R42621","4/2/2013","State, Foreign Operations, and Related Programs: FY2013 Budget and Appropriations","https://crsreports.congress.gov/product/pdf/download/R/R42621/R42621.pdf/","11","07/23/2012"
218,"RL33993","11/30/2007","Veterans' Health Care Issues","https://crsreports.congress.gov/product/pdf/download/RL/RL33993/RL33993.pdf/","6","05/10/2007"
219,"R42607","5/17/2013","Defense: FY2013 Authorization and Appropriations","https://crsreports.congress.gov/product/pdf/download/R/R42607/R42607.pdf/","13","07/17/2012"
220,"R41867","9/3/2014","Mongolia: Issues for Congress","https://crsreports.congress.gov/product/pdf/download/R/R41867/R41867.pdf/","12","06/15/2011"
221,"RL32342","1/29/2008","NATO and the European Union","https://crsreports.congress.gov/product/pdf/download/RL/RL32342/RL32342.pdf/","7","01/04/2005"
222,"R44550","11/14/2016","NATO's Warsaw Summit: In Brief","https://crsreports.congress.gov/product/pdf/download/R/R44550/R44550.pdf/","5","06/30/2016"
223,"RL34473","2/25/2009","Defense: FY2009 Authorization and Appropriations","https://crsreports.congress.gov/product/pdf/download/RA/RL34473/RL34473.pdf/","24","05/06/2008"
224,"RL31176","7/29/2008","Financing Issues and Economic Effects of American Wars","https://crsreports.congress.gov/product/pdf/download/RL/RL31176/RL31176.pdf/","6","04/27/2004"
225,"R40567","12/23/2009","Defense: FY2010 Authorization and Appropriations","https://crsreports.congress.gov/product/pdf/download/R/R40567/R40567.pdf/","29","05/08/2009"
226,"RL34408","3/10/2008","Comparison of Selected Recommendations of the President's Commission on Returning Wounded Warriors (the Dole-Shalala Commission) and the Veterans' Disability Benefits Commission","https://crsreports.congress.gov/product/pdf/download/RL/RL34408/RL34408.pdf/","3","03/11/2008"
227,"R44775","8/21/2017","Russia: Background and U.S. Policy","https://crsreports.congress.gov/product/pdf/download/R/R44775/R44775.pdf/","10","03/01/2017"
228,"R41597","3/14/2014","The Army's Ground Combat Vehicle (GCV) Program: Background and Issues for Congress","https://crsreports.congress.gov/product/pdf/download/R/R41597/R41597.pdf/","27","01/20/2011"
229,"IN11012","1/8/2019","Romania Assumes the EU Presidency amid Domestic Turmoil","https://crsreports.congress.gov/product/pdf/download/IN/IN11012/IN11012.pdf/","2","01/08/2019"
230,"IN10867","3/8/2018","Election in Italy","https://crsreports.congress.gov/product/pdf/download/IN/IN10867/IN10867.pdf/","4","03/08/2018"
231,"R40057","12/17/2008","Training the Military to Manage Contractors During Expeditionary Operations: Overview and Options for Congress","https://crsreports.congress.gov/product/pdf/download/R/R40057/R40057.pdf/","4","12/16/2008"
232,"RL31362","10/8/2008","U.S. Foreign Aid to East and South Asia: Selected Recipients","https://crsreports.congress.gov/product/pdf/download/RL/RL31362/RL31362.pdf/","20","03/02/2005"
233,"R41905","1/6/2012","State, Foreign Operations, and Related Programs: FY2012 Budget and Appropriations","https://crsreports.congress.gov/product/pdf/download/R/R41905/R41905.pdf/","23","07/06/2011"
234,"IN11052","2/20/2019","The Defense Department and 10 U.S.C. 284: Legislative Origins and Funding Questions","https://crsreports.congress.gov/product/pdf/download/IN/IN11052/IN11052.pdf/","5","02/20/2019"
235,"RS22772","12/12/2007","The U.S.-Australia Treaty on Defense Trade Cooperation","https://crsreports.congress.gov/product/pdf/download/RS/RS22772/RS22772.pdf/","4","12/12/2007"
236,"R43344","9/22/2016","Conflict in South Sudan and the Challenges Ahead","https://crsreports.congress.gov/product/pdf/download/R/R43344/R43344.pdf/","16","12/27/2013"
237,"RL32688","4/4/2006","China-Southeast Asia Relations: Trends, Issues, and Implications for the United States","https://crsreports.congress.gov/product/pdf/download/RL/RL32688/RL32688.pdf/","6","02/08/2005"
238,"RL31833","8/7/2009","Iraq: Reconstruction Assistance","https://crsreports.congress.gov/product/pdf/download/RL/RL31833/RL31833.pdf/","40","02/25/2005"
239,"RS21636","4/10/2013","Intelligence Identities Protection Act","https://crsreports.congress.gov/product/pdf/download/RS/RS21636/RS21636.pdf/","9","10/03/2003"
240,"RL34590","9/30/2008","FY2009 National Defense Authorization Act: Selected Military Personnel Policy Issues","https://crsreports.congress.gov/product/pdf/download/RL/RL34590/RL34590.pdf/","5","07/23/2008"
241,"RL34075","7/6/2007","Pakistan: Significant Recent Events, March 26 - June 21, 2007","https://crsreports.congress.gov/product/pdf/download/RL/RL34075/RL34075.pdf/","3","07/06/2007"
242,"R41957","8/15/2011","The National Guard State Partnership Program: Background, Issues, and Options for Congress","https://crsreports.congress.gov/product/pdf/download/R/R41957/R41957.pdf/","5","08/16/2011"
243,"RL33420","8/10/2007","Foreign Operations (House)/State, Foreign Operations, and Related Programs (Senate): FY2007 Appropriations","https://crsreports.congress.gov/product/pdf/download/RA/RL33420/RL33420.pdf/","19","05/15/2006"
244,"RL31370","5/15/2007","State Department and Related Agencies: FY2006 and FY2007 Appropriations and FY2008 Request","https://crsreports.congress.gov/product/pdf/download/RL/RL31370/RL31370.pdf/","27","02/17/2005"
245,"RL32419","9/29/2008","Private Security Contractors in Iraq: Background, Legal Status, and Other Issues","https://crsreports.congress.gov/product/pdf/download/RL/RL32419/RL32419.pdf/","13","05/28/2004"
246,"IF10347","7/12/2018","Military Transition Assistance Program (TAP): An Overview","https://crsreports.congress.gov/product/pdf/download/IF/IF10347/IF10347.pdf/","6","01/21/2016"
247,"R44968","7/8/2019","Infantry Brigade Combat Team (IBCT) Mobility, Reconnaissance, and Firepower Programs","https://crsreports.congress.gov/product/pdf/download/R/R44968/R44968.pdf/","11","09/26/2017"
248,"IN11026","1/28/2019","New Law Requires Agencies to Report on Outstanding IG Recommendations","https://crsreports.congress.gov/product/pdf/download/IN/IN11026/IN11026.pdf/","3","01/28/2019"
249,"98-379","9/25/2008","Statutory Offices of Inspector General: Past and Present","https://crsreports.congress.gov/product/pdf/download/RS/98-379/98-379.pdf/","43","02/28/2005"
250,"IN10752","8/15/2017","Inspector General Community Launches Oversight.gov to Increase Accessibility to Reports","https://crsreports.congress.gov/product/pdf/download/IN/IN10752/IN10752.pdf/","3","08/15/2017"
251,"IN11161","8/30/2019","Greenland, Denmark, and U.S. Relations","https://crsreports.congress.gov/product/pdf/download/IN/IN11161/IN11161.pdf/","1","08/30/2019"
252,"RL34419","9/11/2008","The Budget for Fiscal Year 2009","https://crsreports.congress.gov/product/pdf/download/RL/RL34419/RL34419.pdf/","8","03/20/2008"
253,"IN10977","2/19/2019","Macedonia Changes Name, Moves Closer to NATO Membership","https://crsreports.congress.gov/product/pdf/download/IN/IN10977/IN10977.pdf/","6","10/03/2018"
254,"RL31334","1/27/2006","Operations Noble Eagle, Enduring Freedom, and Iraqi Freedom: Questions and Answers About U.S. Military Personnel, Compensation, and Force Structure","https://crsreports.congress.gov/product/pdf/download/RL/RL31334/RL31334.pdf/","4","02/16/2005"
255,"IN11057","2/26/2019","India, Pakistan, and the Pulwama Crisis","https://crsreports.congress.gov/product/pdf/download/IN/IN11057/IN11057.pdf/","7","02/26/2019"
256,"R41228","4/22/2011","State, Foreign Operations, and Related Programs: FY2011 Budget and Appropriations","https://crsreports.congress.gov/product/pdf/download/R/R41228/R41228.pdf/","23","05/07/2010"
257,"RL32615","9/19/2005","Pakistan's Domestic Political Developments","https://crsreports.congress.gov/product/pdf/download/RL/RL32615/RL32615.pdf/","5","02/14/2005"
258,"RS22632","3/27/2007","Pakistan and Terrorism: A Summary","https://crsreports.congress.gov/product/pdf/download/RS/RS22632/RS22632.pdf/","4","03/27/2007"
259,"IF11131","3/12/2019","Defense Primer: DOD Appropriated Fund Civilians","https://crsreports.congress.gov/product/pdf/download/IF/IF11131/IF11131.pdf/","3","03/12/2019"
260,"R42651","1/16/2013","FY2013 National Defense Authorization Act: Selected Military Personnel Policy Issues","https://crsreports.congress.gov/product/pdf/download/R/R42651/R42651.pdf/","7","08/09/2012"
261,"R41989","2/19/2013","Congressional Authority to Limit Military Operations","https://crsreports.congress.gov/product/pdf/download/R/R41989/R41989.pdf/","10","09/09/2011"
262,"R43680","8/7/2014","Reducing the Budget Deficit: Overview of Policy Issues","https://crsreports.congress.gov/product/pdf/download/R/R43680/R43680.pdf/","4","08/07/2014"
263,"RS22692","7/11/2007","Estonia: Current Issues and U.S. Policy","https://crsreports.congress.gov/product/pdf/download/RS/RS22692/RS22692.pdf/","3","07/11/2007"
264,"R44444","5/26/2016","Security Assistance and Cooperation: Shared Responsibility of the Departments of State and Defense","https://crsreports.congress.gov/product/pdf/download/R/R44444/R44444.pdf/","7","04/04/2016"
265,"R44212","3/11/2016","Poland and Its Relations with the United States","https://crsreports.congress.gov/product/pdf/download/R/R44212/R44212.pdf/","11","09/30/2015"
266,"R41254","5/17/2011","Defense: FY2011 Authorization and Appropriations","https://crsreports.congress.gov/product/pdf/download/R/R41254/R41254.pdf/","12","05/26/2010"
267,"R40502","12/12/2011","The Trans-Pacific Partnership Agreement","https://crsreports.congress.gov/product/pdf/download/R/R40502/R40502.pdf/","18","04/09/2009"
268,"R40550","5/27/2011","Sending Mail to Members of the Armed Forces at Reduced or Free Postage: An Overview","https://crsreports.congress.gov/product/pdf/download/R/R40550/R40550.pdf/","10","04/28/2009"
269,"R43566","5/23/2014","Defense Acquisition Reform: Background, Analysis, and Issues for Congress","https://crsreports.congress.gov/product/pdf/download/R/R43566/R43566.pdf/","4","05/23/2014"
270,"IF10291","10/7/2015","Chinese President Xi's September 2015 State Visit","https://crsreports.congress.gov/product/pdf/download/IF/IF10291/IF10291.pdf/","9","09/16/2015"
271,"R42834","7/30/2014","Securing U.S. Diplomatic Facilities and Personnel Abroad: Background and Policy Issues","https://crsreports.congress.gov/product/pdf/download/R/R42834/R42834.pdf/","24","11/27/2012"
272,"RS21632","10/8/2003","Military Pay: Controversy Over Hostile Fire/Imminent Danger Pay and Family Separation Allowance Rates","https://crsreports.congress.gov/product/pdf/download/RS/RS21632/RS21632.pdf/","4","10/08/2003"
273,"R41570","1/4/2011","U.S. Refugee Resettlement Assistance","https://crsreports.congress.gov/product/pdf/download/R/R41570/R41570.pdf/","2","01/10/2011"
274,"R41771","4/14/2011","FY2011 Appropriations in Budgetary Context","https://crsreports.congress.gov/product/pdf/download/R/R41771/R41771.pdf/","2","04/14/2011"
275,"IF10520","2/18/2020","Immigration","https://crsreports.congress.gov/product/pdf/download/IF/IF10520/IF10520.pdf/","5","11/29/2016"
276,"R44230","9/9/2016","Immigration Legislation and Issues in the 114th Congress","https://crsreports.congress.gov/product/pdf/download/R/R44230/R44230.pdf/","9","10/16/2015"
277,"R46419","7/27/2020","Immigration Legislation and Issues in the 116th Congress","https://crsreports.congress.gov/product/pdf/download/R/R46419/R46419.pdf/","6","06/17/2020"
278,"RL32352","5/14/2009","War on Drugs: Reauthorization and Oversight of the Office of National Drug Control Policy","https://crsreports.congress.gov/product/pdf/download/RL/RL32352/RL32352.pdf/","13","05/12/2004"
279,"R42077","1/3/2013","The Unified Command Plan and Combatant Commands: Background and Issues for Congress","https://crsreports.congress.gov/product/pdf/download/R/R42077/R42077.pdf/","11","11/09/2011"
280,"RL32961","10/26/2006","Veterans' Health Care Issues in the 109th Congress","https://crsreports.congress.gov/product/pdf/download/RL/RL32961/RL32961.pdf/","8","06/24/2005"
281,"R44602","8/23/2016","DOD Security Cooperation: An Overview of Authorities and Issues","https://crsreports.congress.gov/product/pdf/download/R/R44602/R44602.pdf/","3","08/24/2016"
282,"R42558","3/28/2013","Department of Defense Energy Initiatives: Background and Issues for Congress","https://crsreports.congress.gov/product/pdf/download/R/R42558/R42558.pdf/","21","06/05/2012"
283,"RS22615","4/4/2008","Spain: Current Issues and U.S. Policy","https://crsreports.congress.gov/product/pdf/download/RS/RS22615/RS22615.pdf/","7","03/01/2007"
284,"R40756","8/7/2009","Foreign Aid Reform: Agency Coordination","https://crsreports.congress.gov/product/pdf/download/R/R40756/R40756.pdf/","2","08/13/2009"
285,"97-949","11/1/1999","Economic Sanctions to Achieve U.S. Foreign Policy Goals: Discussion and Guide to Current Law","https://crsreports.congress.gov/product/pdf/download/RL/97-949/97-949.pdf/","2","11/01/1999"
286,"R43323","1/8/2014","Defense: FY2014 Authorization and Appropriations","https://crsreports.congress.gov/product/pdf/download/R/R43323/R43323.pdf/","11","11/26/2013"
287,"R42075","12/13/2016","Women in Combat: Issues for Congress","https://crsreports.congress.gov/product/pdf/download/R/R42075/R42075.pdf/","25","11/08/2011"
288,"RL32635","10/21/2004","H.R. 10 (9/11 Recommendations Implementation Act) and S. 2845 (National Intelligence Reform Act of 2004): A Comparative Analysis","https://crsreports.congress.gov/product/pdf/download/RL/RL32635/RL32635.pdf/","8","10/21/2004"
289,"R43843","1/5/2015","Proposed Retirement of A-10 Aircraft: Background in Brief","https://crsreports.congress.gov/product/pdf/download/R/R43843/R43843.pdf/","4","01/05/2015"
290,"RS22486","8/6/2007","India-Iran Relations and U.S. Interests","https://crsreports.congress.gov/product/pdf/download/RS/RS22486/RS22486.pdf/","5","08/02/2006"
291,"RL34552","5/5/2009","State, Foreign Operations, and Related Programs: FY2009 Appropriations","https://crsreports.congress.gov/product/pdf/download/RA/RL34552/RL34552.pdf/","18","07/01/2008"
292,"R41004","6/11/2013","Terrorism and Transnational Crime: Foreign Policy Issues for Congress","https://crsreports.congress.gov/product/pdf/download/R/R41004/R41004.pdf/","10","01/05/2010"