State Department Press Briefings,https://www.state.gov/department-press-briefings/,"Department Press Briefing – August 23, 2021",https://www.state.gov/briefings/department-press-briefing-august-23-2021/
State Department Press Briefings,https://www.state.gov/department-press-briefings/,"Department Press Briefing – August 20, 2021",https://www.state.gov/briefings/department-press-briefing-august-20-2021/
State Department Press Briefings,https://www.state.gov/department-press-briefings/,"Department Press Briefing – August 19, 2021",https://www.state.gov/briefings/department-press-briefing-august-19-2021/
State Department Press Briefings,https://www.state.gov/department-press-briefings/,"Department Press Briefing – August 18, 2021",https://www.state.gov/briefings/department-press-briefing-august-18-2021/
State Department Press Briefings,https://www.state.gov/department-press-briefings/,"Department Press Briefing – August 17, 2021",https://www.state.gov/briefings/department-press-briefing-august-17-2021/
State Department Press Briefings,https://www.state.gov/department-press-briefings/,"Department Press Briefing – August 16, 2021",https://www.state.gov/briefings/department-press-briefing-august-16-2021/
State Department Press Briefings,https://www.state.gov/department-press-briefings/,"Department Press Briefing – August 12, 2021",https://www.state.gov/briefings/department-press-briefing-august-12-2021/
State Department Press Briefings,https://www.state.gov/department-press-briefings/,"Department Press Briefing – August 11, 2021",https://www.state.gov/briefings/department-press-briefing-august-11-2021/
State Department Press Briefings,https://www.state.gov/department-press-briefings/,"Department Press Briefing – August 10, 2021",https://www.state.gov/briefings/department-press-briefing-august-10-2021/
State Department Press Briefings,https://www.state.gov/department-press-briefings/,"Department Press Briefing – August 5, 2021",https://www.state.gov/briefings/department-press-briefing-august-5-2021/
State Department Press Briefings,https://www.state.gov/department-press-briefings/,Secretary Antony J. Blinken And Ukrainian Foreign Minister Dmytro Kuleba Before Their Meeting,https://www.state.gov/secretary-antony-j-blinken-and-ukrainian-foreign-minister-dmytro-kuleba-before-their-meeting-2/
State Department Press Briefings,https://www.state.gov/department-press-briefings/,"Department Press Briefing – August 4, 2021",https://www.state.gov/briefings/department-press-briefing-august-4-2021/
State Department Press Briefings,https://www.state.gov/department-press-briefings/,"Secretary Antony J. Blinken and President of Palau Surangel Whipps, Jr. Before Their Meeting",https://www.state.gov/secretary-antony-j-blinken-and-president-of-palau-surangel-whipps-jr-before-their-meeting/
State Department Press Briefings,https://www.state.gov/department-press-briefings/,"Department Press Briefing – August 3, 2021",https://www.state.gov/briefings/department-press-briefing-august-3-2021/
State Department Press Briefings,https://www.state.gov/department-press-briefings/,Secretary Antony J. Blinken And Indonesian Foreign Minister Retno Marsudi Before Their Meeting,https://www.state.gov/secretary-antony-j-blinken-and-indonesian-foreign-minister-retno-marsudi-before-their-meeting/
State Department Press Briefings,https://www.state.gov/department-press-briefings/,Briefing With Senior State Department Officials Previewing Secretary Blinken’s Participation in This Week’s ASEAN-Related Ministerials,https://www.state.gov/briefing-with-senior-state-department-officials-previewing-secretary-blinkens-participation-in-this-weeks-asean-related-ministerials/
State Department Press Briefings,https://www.state.gov/department-press-briefings/,"Department Press Briefing – August 2, 2021",https://www.state.gov/briefings/department-press-briefing-august-2-2021/
State Department Press Briefings,https://www.state.gov/department-press-briefings/,Secretary Antony J. Blinken Remarks to the Press on the Announcement of a U.S. Refugee Admissions Program Priority 2 (P-2) Designation for Afghan Nationals,https://www.state.gov/secretary-antony-j-blinken-remarks-to-the-press-on-the-announcement-of-a-u-s-refugee-admissions-program-priority-2-designation-for-afghan-nationals/
State Department Press Briefings,https://www.state.gov/department-press-briefings/,Briefing with Senior State Department Officials On the U.S. Refugee Admissions Program Priority 2 (P-2) Designation for Afghan Nationals,https://www.state.gov/briefing-with-senior-state-department-officials-on-the-u-s-refugee-admissions-program-priority-2-p-2-designation-for-afghan-nationals/
State Department Press Briefings,https://www.state.gov/department-press-briefings/,"Department Press Briefing – July 30, 2021",https://www.state.gov/briefings/department-press-briefing-july-30-2021/
State Department Press Briefings,https://www.state.gov/department-press-briefings/,On the Collaborative Migration Management Strategy and Root Causes Strategy Toward Migration,https://www.state.gov/under-secretary-for-civilian-security-democracy-and-human-rights-uzra-zeya-special-envoy-for-the-northern-triangle-ricardo-zuniga-bureau-of-population-refugees-and-migration-deputy-assistant-sec/
State Department Press Briefings,https://www.state.gov/department-press-briefings/,Secretary Antony J. Blinken And Kuwaiti Foreign Minister Sheikh Dr. Ahmed Nasser Al-Mohammed Al-Sabah At a Joint Press Availability,https://www.state.gov/secretary-antony-j-blinken-and-kuwaiti-foreign-minister-sheikh-dr-ahmed-nasser-al-mohammed-al-sabah-at-a-joint-press-availability/
State Department Press Briefings,https://www.state.gov/department-press-briefings/,Secretary Antony J. Blinken and Indian External Affairs Minister Dr. Subrahmanyam Jaishankar at a Joint Press Availability,https://www.state.gov/secretary-antony-j-blinken-and-indian-external-affairs-minister-dr-subrahmanyam-jaishankar-at-a-joint-press-availability/
State Department Press Briefings,https://www.state.gov/department-press-briefings/,Secretary Antony J. Blinken and Indian External Affairs Minister Dr. Subrahmanyam Jaishankar Before Their Meeting,https://www.state.gov/secretary-antony-j-blinken-and-indian-external-affairs-minister-dr-subrahmanyam-jaishankar-before-their-meeting/
State Department Press Briefings,https://www.state.gov/department-press-briefings/,"Department Press Briefing – July 27, 2021",https://www.state.gov/briefings/department-press-briefing-july-27-2021/
State Department Press Briefings,https://www.state.gov/department-press-briefings/,Briefing with Senior Administration Officials Previewing Deputy Secretary Sherman’s Upcoming Travel to the People’s Republic of China,https://www.state.gov/briefing-with-senior-administration-officials-previewing-deputy-secretary-shermans-upcoming-travel-to-the-peoples-republic-of-china/
State Department Press Briefings,https://www.state.gov/department-press-briefings/,Briefing With Acting Assistant Secretary for South and Central Asian Affairs Dean Thompson and Deputy Assistant Secretary for Near Eastern Affairs Daniel Benaim on the Secretary’s Upcoming Travel to India and Kuwait,https://www.state.gov/acting-assistant-secretary-for-south-and-central-asian-affairs-dean-thompson-and-deputy-assistant-secretary-for-near-eastern-affairs-daniel-benaim-on-the-secretarys-upcoming-travel-to-india-a/
State Department Press Briefings,https://www.state.gov/department-press-briefings/,"Department Press Briefing – July 23, 2021",https://www.state.gov/briefings/department-press-briefing-july-23-2021/
State Department Press Briefings,https://www.state.gov/department-press-briefings/,Secretary Antony J. Blinken And Iraqi Foreign Minister Dr. Fuad Hussein Before Their Meeting,https://www.state.gov/secretary-antony-j-blinken-and-iraqi-foreign-minister-dr-fuad-hussein-before-their-meeting/
State Department Press Briefings,https://www.state.gov/department-press-briefings/,Secretary Antony J. Blinken And Qatari Minister of Foreign Affairs and Deputy Prime Minister Mohammed bin Abdulrahman Al-Thani Before Their Meeting,https://www.state.gov/secretary-antony-j-blinken-and-qatari-minister-of-foreign-affairs-and-deputy-prime-minister-mohammed-bin-abdulrahman-al-thani-before-their-meeting/
State Department Press Briefings,https://www.state.gov/department-press-briefings/,"Department Press Briefing – July 22, 2021",https://www.state.gov/briefings/department-press-briefing-july-22-2021/
State Department Press Briefings,https://www.state.gov/department-press-briefings/,Briefing with Deputy Secretary for Management and Resources Brian P. McKeon and Afghanistan Task Force Director Ambassador Tracey Jacobson with On-Background Q&A by Senior State Department Officials On Operation Allies Refuge,https://www.state.gov/briefing-with-deputy-secretary-for-management-and-resources-brian-p-mckeon-and-afghanistan-task-force-director-ambassador-tracey-jacobson-with-on-background-qa-by-senior-state-department-officials-o/
State Department Press Briefings,https://www.state.gov/department-press-briefings/,Briefing with Senior State Department Officials On European Energy Security,https://www.state.gov/briefing-with-senior-state-department-officials-on-european-energy-security/
State Department Press Briefings,https://www.state.gov/department-press-briefings/,"Department Press Briefing – July 21, 2021",https://www.state.gov/briefings/department-press-briefing-july-21-2021/
State Department Press Briefings,https://www.state.gov/department-press-briefings/,"Department Press Briefing – July 20, 2021",https://www.state.gov/briefings/department-press-briefing-july-20-2021/
State Department Press Briefings,https://www.state.gov/department-press-briefings/,Secretary Antony J. Blinken And Jordanian King Abdullah II Before Their Meeting,https://www.state.gov/secretary-antony-j-blinken-and-jordanian-king-abdullah-ii-before-their-meeting/
State Department Press Briefings,https://www.state.gov/department-press-briefings/,"Department Press Briefing – July 19, 2021",https://www.state.gov/briefings/department-press-briefing-july-19-2021/
State Department Press Briefings,https://www.state.gov/department-press-briefings/,"Department Press Briefing – July 16, 2021",https://www.state.gov/briefings/department-press-briefing-july-16-2021/
State Department Press Briefings,https://www.state.gov/department-press-briefings/,Secretary Antony J. Blinken And Kenyan Cabinet Secretary for Foreign Affairs Ambassador Raychelle Omamo Before Their Meeting,https://www.state.gov/secretary-antony-j-blinken-and-kenyan-cabinet-secretary-for-foreign-affairs-ambassador-raychelle-omamo-before-their-meeting/
State Department Press Briefings,https://www.state.gov/department-press-briefings/,Secretary Antony J. Blinken And Chilean Foreign Minister Andres Allamand Before Their Meeting,https://www.state.gov/secretary-antony-j-blinken-and-chilean-foreign-minister-andres-allamand-before-their-meeting/
State Department Press Briefings,https://www.state.gov/department-press-briefings/,"Briefing with Deputy Assistant Secretary for Passport Services Rachel Arndt, Bureau of Consular Affairs On the State Department’s Passport Services",https://www.state.gov/briefing-with-deputy-assistant-secretary-for-passport-services-rachel-arndt-bureau-of-consular-affairs-on-the-state-departments-passport-services/
State Department Press Briefings,https://www.state.gov/department-press-briefings/,"Department Press Briefing – July 14, 2021",https://www.state.gov/briefings/department-press-briefing-july-14-2021/
State Department Press Briefings,https://www.state.gov/department-press-briefings/,"Department Press Briefing – July 13, 2021",https://www.state.gov/briefings/department-press-briefing-july-13-2021/
State Department Press Briefings,https://www.state.gov/department-press-briefings/,"Department Press Briefing – July 12, 2021",https://www.state.gov/briefings/department-press-briefing-july-12-2021/
State Department Press Briefings,https://www.state.gov/department-press-briefings/,Briefing with Acting Assistant Secretary for Conflict and Stabilization Operations Robert Faucher On Release of the 2021 Congressional Report Pursuant to the Elie Wiesel Genocide and Atrocities Prevention Act,https://www.state.gov/briefing-with-acting-assistant-secretary-for-conflict-and-stabilization-operations-robert-faucher-on-release-of-the-2021-congressional-report-pursuant-to-the-elie-wiesel-genocide-and-atrocities-p/
State Department Press Briefings,https://www.state.gov/department-press-briefings/,Secretary Antony J. Blinken Remarks to the Press on Release of the 2021 Congressional Report Pursuant to the Elie Wiesel Genocide and Atrocities Prevention Act,https://www.state.gov/secretary-antony-j-blinken-remarks-to-the-press-on-release-of-the-2021-congressional-report-pursuant-to-the-elie-wiesel-genocide-and-atrocities-prevention-act/
State Department Press Briefings,https://www.state.gov/department-press-briefings/,"Special Briefing with Jeffrey Prescott, Deputy to the U.S. Ambassador to the United Nations",https://www.state.gov/special-briefing-with-jeffrey-prescott-deputy-to-the-u-s-ambassador-to-the-united-nations-2/
State Department Press Briefings,https://www.state.gov/department-press-briefings/,"Department Press Briefing – July 9, 2021",https://www.state.gov/briefings/department-press-briefing-july-9-2021/
State Department Press Briefings,https://www.state.gov/department-press-briefings/,Telephonic Press Briefing on Conclusion of Exercise SEA BREEZE 2021,https://www.state.gov/telephonic-press-briefing-on-conclusion-of-exercise-sea-breeze-2021/
State Department Press Briefings,https://www.state.gov/department-press-briefings/,"Department Press Briefing – July 8, 2021",https://www.state.gov/briefings/department-press-briefing-july-8-2021/
State Department Press Briefings,https://www.state.gov/department-press-briefings/,"Department Press Briefing – July 7, 2021",https://www.state.gov/briefings/department-press-briefing-july-7-2021/
State Department Press Briefings,https://www.state.gov/department-press-briefings/,"Department Press Briefing – July 6, 2021",https://www.state.gov/briefings/department-press-briefing-july-6-2021/
State Department Press Briefings,https://www.state.gov/department-press-briefings/,Special Envoy for the Northern Triangle Ricardo Zuniga On Release of the Section 353 Report (aka Corrupt Actors List),https://www.state.gov/special-envoy-for-the-northern-triangle-ricardo-zuniga-on-release-of-the-section-353-report-aka-corrupt-actors-list/
State Department Press Briefings,https://www.state.gov/department-press-briefings/,"Department Press Briefing – July 1, 2021",https://www.state.gov/briefings/department-press-briefing-july-1-2021/
State Department Press Briefings,https://www.state.gov/department-press-briefings/,Secretary Antony J. Blinken And Uzbek Foreign Minister Abdulaziz Kamilov Before Their Meeting,https://www.state.gov/secretary-antony-j-blinken-and-uzbek-foreign-minister-abdulaziz-kamilov-before-their-meeting/
State Department Press Briefings,https://www.state.gov/department-press-briefings/,Secretary Antony J. Blinken And Tajikistan Foreign Minister Sirojiddin Muhriddin Before Their Meeting,https://www.state.gov/secretary-antony-j-blinken-and-tajikistan-foreign-minister-sirojiddin-muhriddin-before-their-meeting/
State Department Press Briefings,https://www.state.gov/department-press-briefings/,Briefing with Senior State Department Official On the Release of the 2021 Trafficking in Persons (TIP) Report,https://www.state.gov/briefing-with-senior-state-department-official-on-the-release-of-the-2021-trafficking-in-persons-tip-report/
State Department Press Briefings,https://www.state.gov/department-press-briefings/,"Department Press Briefing – June 30, 2021",https://www.state.gov/briefings/department-press-briefing-june-30-2021/
State Department Press Briefings,https://www.state.gov/department-press-briefings/,"Department Press Briefing – June 29, 2021",https://www.state.gov/briefings/department-press-briefing-june-29-2021/
State Department Press Briefings,https://www.state.gov/department-press-briefings/,Secretary Antony J. Blinken And Italian Foreign Minister Luigi Di Maio At a Joint Press Availability,https://www.state.gov/secretary-antony-j-blinken-and-italian-foreign-minister-luigi-di-maio-at-a-joint-press-availability/
State Department Press Briefings,https://www.state.gov/department-press-briefings/,Secretary Antony J. Blinken  And Israeli Foreign Minister Yair Lapid  Before Their Meeting,https://www.state.gov/secretary-antony-j-blinken-and-israeli-foreign-minister-yair-lapid-before-their-meeting/
State Department Press Briefings,https://www.state.gov/department-press-briefings/,"Briefing on the Secretary’s Upcoming Participation in the Meeting on Syria, The D-ISIS Ministerial, and the G20",https://www.state.gov/briefing-with-acting-assistant-secretary-for-near-east-affairs-joey-hood-acting-director-of-the-office-of-the-global-coalition-to-defeat-isis-patrick-worman-and-office-of-monetary-affairs-dire/
State Department Press Briefings,https://www.state.gov/department-press-briefings/,Secretary Antony J. Blinken and French Foreign Minister Jean-Yves Le Drian at a Joint Press Availability,https://www.state.gov/secretary-antony-j-blinken-and-french-foreign-minister-jean-yves-le-drian-at-a-joint-press-availability/
State Department Press Briefings,https://www.state.gov/department-press-briefings/,Secretary Antony J. Blinken and French Foreign Minister Jean-Yves Le Drian Before Their Meeting,https://www.state.gov/secretary-antony-j-blinken-and-french-foreign-minister-jean-yves-le-drian-before-their-meeting/
State Department Press Briefings,https://www.state.gov/department-press-briefings/,Secretary Antony J. Blinken And OECD Secretary General Mathias Cormann  Before Their Meeting,https://www.state.gov/secretary-antony-j-blinken-and-oecd-secretary-general-mathias-cormann-before-their-meeting/
State Department Press Briefings,https://www.state.gov/department-press-briefings/,"Department Press Briefing – June 24, 2021",https://www.state.gov/briefings/department-press-briefing-june-24-2021/
State Department Press Briefings,https://www.state.gov/department-press-briefings/,Senior State Department Official On Ongoing U.S. Engagement Regarding the JCPOA,https://www.state.gov/senior-state-department-official-on-ongoing-u-s-engagement-regarding-the-jcpoa/
State Department Press Briefings,https://www.state.gov/department-press-briefings/,Secretary Antony J. Blinken and Libyan Interim Prime Minister Abdulhamid Dabaiba Before Their Meeting,https://www.state.gov/secretary-antony-j-blinken-and-libyan-interim-prime-minister-abdulhamid-dabaiba-before-their-meeting/
State Department Press Briefings,https://www.state.gov/department-press-briefings/,Briefing with Senior State Department Officials,https://www.state.gov/briefing-with-senior-state-department-officials/
State Department Press Briefings,https://www.state.gov/department-press-briefings/,Secretary Antony J. Blinken and German Foreign Minister Heiko Maas at a Joint Press Availability,https://www.state.gov/secretary-antony-j-blinken-and-german-foreign-minister-heiko-maas-at-a-joint-press-availability/
State Department Press Briefings,https://www.state.gov/department-press-briefings/,Secretary Antony J. Blinken and German Chancellor Angela Merkel Before Their Meeting,https://www.state.gov/secretary-antony-j-blinken-and-german-chancellor-angela-merkel-before-their-meeting/
State Department Press Briefings,https://www.state.gov/department-press-briefings/,Secretary Antony J. Blinken Remarks to the Press Before the Berlin II Conference on Libya,https://www.state.gov/secretary-antony-j-blinken-remarks-to-the-press-before-the-berlin-ii-conference-on-libya/
State Department Press Briefings,https://www.state.gov/department-press-briefings/,"Department Press Briefing – June 22, 2021",https://www.state.gov/briefings/department-press-briefing-june-22-2021/
State Department Press Briefings,https://www.state.gov/department-press-briefings/,"Briefing on Secretary Blinken’s Upcoming Travel to Berlin, Paris, Rome, and Matera",https://www.state.gov/briefing-with-acting-assistant-secretary-for-european-and-eurasian-affairs-philip-reeker-special-envoy-for-holocaust-issues-cherrie-daniels-and-special-envoy-for-libya-richard-norland-on-secretary-b/
State Department Press Briefings,https://www.state.gov/department-press-briefings/,"Department Press Briefing – June 21, 2021",https://www.state.gov/briefings/department-press-briefing-june-21-2021/
State Department Press Briefings,https://www.state.gov/department-press-briefings/,Secretary Antony J. Blinken At the Atlantic Council’s Front Page Pride Edition Virtual Conversation with Jonathan Capehart on “Pressing for Equality: Engaging on LGBTQI Issues Around the World”,https://www.state.gov/secretary-antony-j-blinken-at-the-atlantic-councils-front-page-pride-edition-virtual-conversation-with-jonathan-capehart-on-pressing-for-equality-engaging-on-lgbtqi-issues-around-t/
State Department Press Briefings,https://www.state.gov/department-press-briefings/,"Department Press Briefing – June 17, 2021",https://www.state.gov/briefings/department-press-briefing-june-17-2021/
State Department Press Briefings,https://www.state.gov/department-press-briefings/,Briefing with a Senior Administration Official,https://www.state.gov/briefing-with-a-senior-state-administration-official/
State Department Press Briefings,https://www.state.gov/department-press-briefings/,"Department Press Briefing – June 15, 2021",https://www.state.gov/briefings/department-press-briefing-june-15-2021/
State Department Press Briefings,https://www.state.gov/department-press-briefings/,"Department Press Briefing – June 11, 2021",https://www.state.gov/briefings/department-press-briefing-june-11-2021/
State Department Press Briefings,https://www.state.gov/department-press-briefings/,"Department Press Briefing – June 10, 2021",https://www.state.gov/briefings/department-press-briefing-june-10-2021/
State Department Press Briefings,https://www.state.gov/department-press-briefings/,"Department Press Briefing – June 9, 2021",https://www.state.gov/briefings/department-press-briefing-june-9-2021/
State Department Press Briefings,https://www.state.gov/department-press-briefings/,"Briefing with Gayle Smith, State Department Coordinator for Global COVID-19 Response and Health Security, on the Biden-Harris Administration’s Plans for Global Vaccine Sharing",https://www.state.gov/briefing-with-gayle-smith-state-department-coordinator-for-global-covid-19-response-and-health-security-on-the-biden-harris-administrations-plans-for-global-vaccine-sharing/
State Department Press Briefings,https://www.state.gov/department-press-briefings/,"Department Press Briefing – June 4, 2021",https://www.state.gov/briefings/department-press-briefing-june-4-2021/
State Department Press Briefings,https://www.state.gov/department-press-briefings/,"Department Press Briefing – June 3, 2021",https://www.state.gov/briefings/department-press-briefing-june-3-2021/
State Department Press Briefings,https://www.state.gov/department-press-briefings/,Secretary Antony J. Blinken And Israeli Alternate Prime Minister/Defense Minister Benjamin “Benny” Gantz  Before Their Meeting,https://www.state.gov/secretary-antony-j-blinken-and-israeli-alternate-prime-minister-defense-minister-benjamin-benny-gantz-before-their-meeting/
State Department Press Briefings,https://www.state.gov/department-press-briefings/,"Department Press Briefing – June 2, 2021",https://www.state.gov/briefings/department-press-briefing-june-2-2021/
State Department Press Briefings,https://www.state.gov/department-press-briefings/,Secretary Antony J. Blinken and Costa Rican President Carlos Alvarado at a Joint Press Availability,https://www.state.gov/secretary-antony-j-blinken-and-costa-rican-president-carlos-alvarado-at-a-joint-press-availability/
State Department Press Briefings,https://www.state.gov/department-press-briefings/,Secretary Antony J. Blinken and Costa Rican President Carlos Alvarado Before Their Meeting,https://www.state.gov/secretary-antony-j-blinken-and-costa-rican-president-carlos-alvarado-before-their-meeting/
State Department Press Briefings,https://www.state.gov/department-press-briefings/,Special Briefing On the Administration’s Budget Proposal for the Department of State and USAID for Fiscal Year 2022,https://www.state.gov/special-briefing-with-deputy-secretary-of-state-for-management-and-resources-brian-p-mckeon-u-s-agency-for-international-development-usaid-principal-advisor-to-the-administrator-mark-feierstein/
State Department Press Briefings,https://www.state.gov/department-press-briefings/,Secretary Antony J. Blinken with Indian Minister of External Affairs Dr. Subrahmanyam Jaishankar Before Their Meeting,https://www.state.gov/secretary-antony-j-blinken-with-indian-minister-of-external-affairs-dr-subrahmanyam-jaishankar-before-their-meeting/
State Department Press Briefings,https://www.state.gov/department-press-briefings/,Secretary Antony J. Blinken and Colombian Vice President and Foreign Minister Marta Lucia Ramirez Before Their Meeting,https://www.state.gov/secretary-antony-j-blinken-and-colombian-vice-president-and-foreign-minister-marta-lucia-ramirez-before-their-meeting/
State Department Press Briefings,https://www.state.gov/department-press-briefings/,"Briefing with Acting Assistant Secretary for Western Hemisphere Affairs Julie Chung on the Secretary’s Upcoming Travel to San Jose, Costa Rica",https://www.state.gov/briefing-with-acting-assistant-secretary-for-western-hemisphere-affairs-julie-chung-on-the-secretarys-upcoming-travel-to-san-jose-costa-rica/
State Department Press Briefings,https://www.state.gov/department-press-briefings/,Secretary Antony J. Blinken at a Press Availability,https://www.state.gov/secretary-antony-j-blinken-at-a-press-availability-6/
State Department Press Briefings,https://www.state.gov/department-press-briefings/,Secretary Antony J. Blinken and Palestinian Authority President Mahmoud Abbas Statements to the Press,https://www.state.gov/secretary-antony-j-blinken-and-palestinian-authority-president-mahmoud-abbas-statements-to-the-press/
State Department Press Briefings,https://www.state.gov/department-press-briefings/,Secretary Antony J. Blinken with Palestinian Civil Society Leaders,https://www.state.gov/secretary-antony-j-blinken-with-palestinian-civil-society-leaders/
State Department Press Briefings,https://www.state.gov/department-press-briefings/,Secretary Antony J. Blinken and Israeli Foreign Minister Gabi Ashkenazi Before Their Meeting,https://www.state.gov/secretary-antony-j-blinken-and-israeli-foreign-minister-gabi-ashkenazi-before-their-meeting/
State Department Press Briefings,https://www.state.gov/department-press-briefings/,Secretary Antony J. Blinken and Israeli Prime Minister Benjamin Netanyahu Statements to the Press,https://www.state.gov/secretary-antony-j-blinken-and-israeli-prime-minister-benjamin-netanyahu-statements-to-the-press/
State Department Press Briefings,https://www.state.gov/department-press-briefings/,"Briefing with Senior State Department Official on the Secretary’s Upcoming Travel to Jerusalem, Ramallah, Cairo, and Amman",https://www.state.gov/briefing-with-senior-state-department-official-on-the-secretarys-upcoming-travel-to-jerusalem-ramallah-cairo-and-amman/
State Department Press Briefings,https://www.state.gov/department-press-briefings/,"Secretary Antony J. Blinken, Greenlandic Premier Mute Egede, Greenlandic Foreign Minister Pele Broberg, and Danish Foreign Minister Jeppe Kofod at a Joint Press Availability",https://www.state.gov/secretary-antony-j-blinken-greenlandic-premier-mute-egede-greenlandic-foreign-minister-pele-broberg-and-danish-foreign-minister-jeppe-kofod-at-a-joint-press-availability/
State Department Press Briefings,https://www.state.gov/department-press-briefings/,Briefing with Senior State Department Official to Traveling Press,https://www.state.gov/briefing-with-senior-state-department-official-to-traveling-press-2/
State Department Press Briefings,https://www.state.gov/department-press-briefings/,Secretary Antony J. Blinken and Russian Foreign Minister Sergey Lavrov Before Their Meeting,https://www.state.gov/secretary-antony-j-blinken-and-russian-foreign-minister-sergey-lavrov-before-their-meeting/
State Department Press Briefings,https://www.state.gov/department-press-briefings/,"Department Press Briefing – May 19, 2021",https://www.state.gov/briefings/department-press-briefing-may-19-2021/
State Department Press Briefings,https://www.state.gov/department-press-briefings/,Secretary Antony J. Blinken and Norwegian Foreign Minister Ine Marie Eriksen Soreide Before Their Meeting,https://www.state.gov/secretary-antony-j-blinken-and-norwegian-foreign-minister-ine-marie-eriksen-soreide-before-their-meeting/
State Department Press Briefings,https://www.state.gov/department-press-briefings/,Secretary Antony J. Blinken and Finnish Foreign Minister Pekka Haavisto Before Their Meeting,https://www.state.gov/secretary-antony-j-blinken-and-finnish-foreign-minister-pekka-haavisto-before-their-meeting/
State Department Press Briefings,https://www.state.gov/department-press-briefings/,Secretary Antony J. Blinken and Canadian Foreign Minister Marc Garneau Before Their Meeting,https://www.state.gov/secretary-antony-j-blinken-and-canadian-foreign-minister-marc-garneau-before-their-meeting-2/
State Department Press Briefings,https://www.state.gov/department-press-briefings/,Secretary Antony J. Blinken and Iceland Foreign Minister Gudlaugur Thor Thordarson Before Their Meeting,https://www.state.gov/secretary-antony-j-blinken-and-iceland-foreign-minister-gudlaugur-thor-thordarson-before-their-meeting/
State Department Press Briefings,https://www.state.gov/department-press-briefings/,Secretary Antony J. Blinken and Icelandic Foreign Minister Gudlaugur Thor Thordarson at a Joint Press Availability,https://www.state.gov/secretary-antony-j-blinken-and-icelandic-foreign-minister-gudlaugur-thor-thordarson-at-a-joint-press-availability/
State Department Press Briefings,https://www.state.gov/department-press-briefings/,"Briefing with Senior Official for Economic Growth, Energy, and Environment Marcia Bernicat on the Secretary’s Upcoming Travel to Denmark, Iceland, and Greenland",https://www.state.gov/briefing-with-senior-official-for-economic-growth-energy-and-environment-marcia-bernicat-on-the-secretarys-upcoming-travel-to-denmark-iceland-and-greenland/
State Department Press Briefings,https://www.state.gov/department-press-briefings/,"Department Press Briefing – May 14, 2021",https://www.state.gov/briefings/department-press-briefing-may-14-2021/
State Department Press Briefings,https://www.state.gov/department-press-briefings/,Secretary Antony J. Blinken and Australian Foreign Minister and Minister for Women Marise Payne at a Joint Press Availability,https://www.state.gov/secretary-antony-j-blinken-and-australian-foreign-minister-and-minister-for-women-marise-payne-at-a-joint-press-availability/
State Department Press Briefings,https://www.state.gov/department-press-briefings/,"Briefing with Senior Official Daniel Nadel, Office of International Religious Freedom, on the Release of the 2020 International Religious Freedom Report",https://www.state.gov/briefing-with-senior-official-daniel-nadel-office-of-international-religious-freedom-on-the-release-of-the-2020-international-religious-freedom-report/
State Department Press Briefings,https://www.state.gov/department-press-briefings/,"Briefing with Senior Official Daniel Nadel, Office of International Religious Freedom on Release of the 2020 International Religious Freedom Report",https://www.state.gov/briefing-with-senior-official-daniel-nadel-office-of-international-religious-freedom-on-release-of-the-2020-international-religious-freedom-report/
State Department Press Briefings,https://www.state.gov/department-press-briefings/,Secretary Antony J. Blinken on Release of the 2020 International Religious Freedom Report,https://www.state.gov/secretary-antony-j-blinken-on-release-of-the-2020-international-religious-freedom-report/
State Department Press Briefings,https://www.state.gov/department-press-briefings/,"Department Press Briefing – May 11, 2021",https://www.state.gov/briefings/department-press-briefing-may-11-2021/
State Department Press Briefings,https://www.state.gov/department-press-briefings/,"Department Press Briefing – May 10, 2021",https://www.state.gov/briefings/department-press-briefing-may-10-2021/
State Department Press Briefings,https://www.state.gov/department-press-briefings/,Secretary Antony J. Blinken and Jordanian Foreign Minister Ayman Safadi Before Their Meeting,https://www.state.gov/secretary-antony-j-blinken-and-jordanian-foreign-minister-ayman-safadi-before-their-meeting/
State Department Press Briefings,https://www.state.gov/department-press-briefings/,"Department Press Briefing – May 7, 2021",https://www.state.gov/briefings/department-press-briefing-may-7-2021/
State Department Press Briefings,https://www.state.gov/department-press-briefings/,Briefing with Senior State Department Officials With Traveling Press,https://www.state.gov/briefing-with-senior-state-department-officials-with-traveling-press/
State Department Press Briefings,https://www.state.gov/department-press-briefings/,Briefing with Senior State Department Official On Ongoing U.S. Engagement in Vienna Regarding the JCPOA,https://www.state.gov/briefing-with-senior-state-department-official-on-ongoing-u-s-engagement-in-vienna-regarding-the-jcpoa/
State Department Press Briefings,https://www.state.gov/department-press-briefings/,Secretary Antony J. Blinken and Ukrainian President Volodymyr Zelenskyy at a Joint Press Availability,https://www.state.gov/secretary-antony-j-blinken-and-ukrainian-president-volodymyr-zelenskyy-at-a-joint-press-availability/
State Department Press Briefings,https://www.state.gov/department-press-briefings/,Secretary Antony J. Blinken and Ukrainian Prime Minister Denys Shmyhal Before Their Meeting,https://www.state.gov/secretary-antony-j-blinken-and-ukrainian-prime-minister-denys-shmyhal-before-their-meeting/
State Department Press Briefings,https://www.state.gov/department-press-briefings/,"Department Press Briefing – May 5, 2021",https://www.state.gov/briefings/department-press-briefing-may-5-2021/
State Department Press Briefings,https://www.state.gov/department-press-briefings/,"Department Press Briefing – May 4, 2021",https://www.state.gov/briefings/department-press-briefing-may-4-2021/
State Department Press Briefings,https://www.state.gov/department-press-briefings/,Briefing with Senior State Department Officials to Traveling Press,https://www.state.gov/briefing-with-senior-state-department-officials-to-traveling-press/
State Department Press Briefings,https://www.state.gov/department-press-briefings/,Secretary Antony J. Blinken and United Kingdom Prime Minister Boris Johnson Before Their Meeting,https://www.state.gov/secretary-antony-j-blinken-and-united-kingdom-prime-minister-boris-johnson-before-their-meeting/
State Department Press Briefings,https://www.state.gov/department-press-briefings/,Secretary Antony J. Blinken with Indian Minister of External Affairs Dr. Subrahmanyam Jaishankar After Their Meeting,https://www.state.gov/secretary-antony-j-blinken-with-indian-minister-of-external-affairs-dr-subrahmanyam-jaishankar-after-their-meeting/
State Department Press Briefings,https://www.state.gov/department-press-briefings/,Secretary Antony J. Blinken and UK Foreign Secretary Dominic Raab at a Joint Press Availability,https://www.state.gov/secretary-antony-j-blinken-and-uk-foreign-secretary-dominic-raab-at-a-joint-press-availability/
State Department Press Briefings,https://www.state.gov/department-press-briefings/,Secretary Antony J. Blinken with Bruneian Foreign Minister II Dato Erywan Yusof Before Their Meeting,https://www.state.gov/secretary-antony-j-blinken-with-bruneian-foreign-minister-ii-dato-erywan-yusof-before-their-meeting/
State Department Press Briefings,https://www.state.gov/department-press-briefings/,Secretary Antony J. Blinken and Republic of Korea Foreign Minister Chung Eui-Yong Before Their Meeting,https://www.state.gov/secretary-antony-j-blinken-and-republic-of-korea-foreign-minister-chung-eui-yong-before-their-meeting-2/
State Department Press Briefings,https://www.state.gov/department-press-briefings/,Briefing With Acting Assistant Secretary for European and Eurasian Affairs Philip T. Reeker and International Organization Affairs Senior Bureau Official Erica Barks-Ruggles on the Secretary’s Upcoming Travel to the United Kingdom for G7 Meetings and Ukraine,https://www.state.gov/briefing-with-acting-assistant-secretary-for-european-and-eurasian-affairs-philip-t-reeker-and-international-organization-affairs-senior-bureau-official-erica-barks-ruggles-on-the-secretarys/
State Department Press Briefings,https://www.state.gov/department-press-briefings/,"Department Press Briefing – April 30, 2021",https://www.state.gov/briefings/department-press-briefing-april-30-2021/
State Department Press Briefings,https://www.state.gov/department-press-briefings/,Briefing With State Department Coordinator for Global COVID Response and Health Security Gayle E. Smith On Efforts To Support the Global Pandemic Response,https://www.state.gov/briefing-with-state-department-coordinator-for-global-covid-response-and-health-security-gayle-e-smith-on-efforts-to-support-the-global-pandemic-response/
State Department Press Briefings,https://www.state.gov/department-press-briefings/,"Department Press Briefing – April 29, 2021",https://www.state.gov/briefings/department-press-briefing-april-29-2021/
State Department Press Briefings,https://www.state.gov/department-press-briefings/,Secretary Antony J. Blinken Before Virtual Meeting with Kenyan President Uhuru Kenyatta,https://www.state.gov/secretary-antony-j-blinken-before-virtual-meeting-with-kenyan-president-uhuru-kenyatta/
State Department Press Briefings,https://www.state.gov/department-press-briefings/,Secretary Antony J. Blinken Before Virtual Meeting with Nigerian President Muhammadu Buhari and Foreign Minister Geoffrey Onyeama,https://www.state.gov/secretary-antony-j-blinken-before-virtual-meeting-with-nigerian-president-muhammadu-buhari-and-foreign-minister-geoffrey-onyeama/
State Department Press Briefings,https://www.state.gov/department-press-briefings/,"Department Press Briefing – April 26, 2021",https://www.state.gov/briefings/department-press-briefing-april-26-2021/
State Department Press Briefings,https://www.state.gov/department-press-briefings/,Briefing with Acting Assistant Secretary for African Affairs Robert F. Godec on the Secretary’s Upcoming Virtual Travel to Kenya and Nigeria,https://www.state.gov/briefing-with-acting-assistant-secretary-for-african-affairs-robert-f-godec-on-the-secretarys-upcoming-virtual-travel-to-kenya-and-nigeria/
State Department Press Briefings,https://www.state.gov/department-press-briefings/,"Department Press Briefing – April 23, 2021",https://www.state.gov/briefings/department-press-briefing-april-23-2021/
State Department Press Briefings,https://www.state.gov/department-press-briefings/,Briefing with Special Envoy for the Northern Triangle Ricardo Zuniga on Ongoing Diplomatic Efforts to Address the Root Causes of Irregular Migration from Central America,https://www.state.gov/briefing-with-special-envoy-for-the-northern-triangle-ricardo-zuniga-on-ongoing-diplomatic-efforts-to-address-the-root-causes-of-irregular-migration-from-central-america/
State Department Press Briefings,https://www.state.gov/department-press-briefings/,"Department Press Briefing – April 22, 2021",https://www.state.gov/briefings/department-press-briefing-april-22-2021/
State Department Press Briefings,https://www.state.gov/department-press-briefings/,Briefing with Senior State Department Official On Recent U.S. Engagement in Vienna Regarding the JCPOA,https://www.state.gov/briefing-with-senior-state-department-official-on-recent-u-s-engagement-in-vienna-regarding-the-jcpoa-2/
State Department Press Briefings,https://www.state.gov/department-press-briefings/,"Department Press Briefing – April 21, 2021",https://www.state.gov/briefings/department-press-briefing-april-21-2021/
State Department Press Briefings,https://www.state.gov/department-press-briefings/,"Department Press Briefing – April 20, 2021",https://www.state.gov/briefings/department-press-briefing-april-20-2021/
State Department Press Briefings,https://www.state.gov/department-press-briefings/,Secretary Antony J. Blinken At a Press Availability,https://www.state.gov/secretary-antony-j-blinken-at-a-press-availability-4/
State Department Press Briefings,https://www.state.gov/department-press-briefings/,"Secretary Antony J. Blinken, Secretary of Defense Lloyd J. Austin, and NATO Secretary General Jens Stoltenberg at a Joint Press Availability",https://www.state.gov/secretary-antony-j-blinken-secretary-of-defense-lloyd-j-austin-and-nato-secretary-general-jens-stoltenberg-at-a-joint-press-availability/
State Department Press Briefings,https://www.state.gov/department-press-briefings/,Senior State Department Official Briefing to the Press,https://www.state.gov/senior-state-department-official-briefing-to-the-press/
State Department Press Briefings,https://www.state.gov/department-press-briefings/,Secretary Antony J. Blinken with Ukrainian Foreign Minister Dmytro Kuleba Before Their Meeting,https://www.state.gov/secretary-antony-j-blinken-with-ukrainian-foreign-minister-dmytro-kuleba-before-their-meeting/
State Department Press Briefings,https://www.state.gov/department-press-briefings/,"Briefing with European and Eurasian Affairs Acting Assistant Secretary Philip T. Reeker on the Secretary’s Upcoming Travel to Brussels, Belgium",https://www.state.gov/briefing-with-european-and-eurasian-affairs-acting-assistant-secretary-philip-t-reeker-on-the-secretarys-upcoming-travel-to-brussels-belgium/
State Department Press Briefings,https://www.state.gov/department-press-briefings/,Secretary Antony J. Blinken With Italian Foreign Minister Luigi Di Maio Before Their Meeting,https://www.state.gov/secretary-antony-j-blinken-with-italian-foreign-minister-luigi-di-maio-before-their-meeting/
State Department Press Briefings,https://www.state.gov/department-press-briefings/,Briefing With Senior State Department Official On Recent U.S. Engagement in Vienna Regarding the JCPOA,https://www.state.gov/briefing-with-senior-state-department-official-on-recent-u-s-engagement-in-vienna-regarding-the-jcpoa/
State Department Press Briefings,https://www.state.gov/department-press-briefings/,"Department Press Briefing – April 9, 2021",https://www.state.gov/briefings/department-press-briefing-april-9-2021/
State Department Press Briefings,https://www.state.gov/department-press-briefings/,"Department Press Briefing – April 8, 2021",https://www.state.gov/briefings/department-press-briefing-april-8-2021/
State Department Press Briefings,https://www.state.gov/department-press-briefings/,"Department Press Briefing – April 7, 2021",https://www.state.gov/briefings/department-press-briefing-april-7-2021/
State Department Press Briefings,https://www.state.gov/department-press-briefings/,"Department Press Briefing – April 6, 2021",https://www.state.gov/briefings/department-press-briefing-april-6-2021/
State Department Press Briefings,https://www.state.gov/department-press-briefings/,"Department Press Briefing – April 5, 2021",https://www.state.gov/briefings/department-press-briefing-april-5-2021/
State Department Press Briefings,https://www.state.gov/department-press-briefings/,Secretary Antony J. Blinken Remarks to the Press on the COVID Response,https://www.state.gov/secretary-antony-j-blinken-remarks-to-the-press-on-the-covid-response/
State Department Press Briefings,https://www.state.gov/department-press-briefings/,"Department Press Briefing – April 2, 2021",https://www.state.gov/briefings/department-press-briefing-april-2-2021/
State Department Press Briefings,https://www.state.gov/department-press-briefings/,"Department Press Briefing – April 1, 2021",https://www.state.gov/briefings/department-press-briefing-april-1-2021/
State Department Press Briefings,https://www.state.gov/department-press-briefings/,"Department Press Briefing – March 31, 2021",https://www.state.gov/briefings/department-press-briefing-march-31-2021/
State Department Press Briefings,https://www.state.gov/department-press-briefings/,Acting Assistant Secretary Lisa Peterson On the Release of the 2020 Country Reports on Human Rights Practices,https://www.state.gov/acting-assistant-secretary-lisa-peterson-on-the-release-of-the-2020-country-reports-on-human-rights-practices/
State Department Press Briefings,https://www.state.gov/department-press-briefings/,Secretary Antony J. Blinken On Release of the 2020 Country Reports on Human Rights Practices,https://www.state.gov/secretary-antony-j-blinken-on-release-of-the-2020-country-reports-on-human-rights-practices/
State Department Press Briefings,https://www.state.gov/department-press-briefings/,Briefing On Release of the 2020 Country Reports on Human Rights Practices,https://www.state.gov/briefing-with-acting-assistant-secretary-lisa-peterson-of-the-bureau-of-democracy-human-rights-and-labor-on-release-of-the-2020-country-reports-on-human-rights-practices/
State Department Press Briefings,https://www.state.gov/department-press-briefings/,Briefing with Acting Special Envoy for the Global Coalition to Defeat ISIS John Godfrey on U.S. Participation in the Upcoming D-ISIS Ministerial,https://www.state.gov/briefing-with-acting-special-envoy-for-the-global-coalition-to-defeat-isis-john-godfrey-on-u-s-participation-in-the-upcoming-d-isis-ministerial/
State Department Press Briefings,https://www.state.gov/department-press-briefings/,Secretary Antony J. Blinken Before Meeting with President of the UN General Assembly Volkan Bozkir,https://www.state.gov/secretary-antony-j-blinken-before-meeting-with-president-of-the-un-general-assembly-volkan-bozkir/
State Department Press Briefings,https://www.state.gov/department-press-briefings/,Briefing on Secretary Antony J. Blinken's Upcoming Virtual Travel to the United Nations,https://www.state.gov/briefing-with-bureau-of-international-organization-affairs-senior-bureau-official-ambassador-erica-barks-ruggles-on-secretary-antony-j-blinkens-upcoming-virtual-travel-to-the-united-nations/
State Department Press Briefings,https://www.state.gov/department-press-briefings/,"Department Press Briefing – March 26, 2021",https://www.state.gov/briefings/department-press-briefing-march-26-2021/
State Department Press Briefings,https://www.state.gov/department-press-briefings/,Secretary Antony J. Blinken and Belgian Deputy Prime Minister and Minister of Foreign Affairs Sophie Wilmes After Their Meeting,https://www.state.gov/secretary-antony-j-blinken-and-belgian-deputy-prime-minister-and-minister-of-foreign-affairs-sophie-wilmes-after-their-meeting/
State Department Press Briefings,https://www.state.gov/department-press-briefings/,Secretary Antony J. Blinken and High Representative for Foreign Affairs Josep Borrell After Their Meeting,https://www.state.gov/secretary-antony-j-blinken-and-high-representative-for-foreign-affairs-josep-borrell-after-their-meeting/
State Department Press Briefings,https://www.state.gov/department-press-briefings/,Secretary Antony J. Blinken and European Commission President Ursula von der Leyen Before Their Meeting,https://www.state.gov/secretary-antony-j-blinken-and-european-commission-president-ursula-von-der-leyen-before-their-meeting/
State Department Press Briefings,https://www.state.gov/department-press-briefings/,Secretary Antony J. Blinken at a Press Availability,https://www.state.gov/secretary-antony-j-blinken-at-a-press-availability-3/
State Department Press Briefings,https://www.state.gov/department-press-briefings/,Briefing with Senior State Department Official on the NATO Ministerial,https://www.state.gov/senior-state-department-official-on-the-nato-ministerial/
State Department Press Briefings,https://www.state.gov/department-press-briefings/,"Department Press Briefing – March 23, 2021",https://www.state.gov/briefings/department-press-briefing-march-23-2021/
State Department Press Briefings,https://www.state.gov/department-press-briefings/,"Department Press Briefing – March 22, 2021",https://www.state.gov/briefings/department-press-briefing-march-22-2021/
State Department Press Briefings,https://www.state.gov/department-press-briefings/,Online Briefing with Chargé d’Affaires Douglas Jones on NATO Foreign Ministerial,https://www.state.gov/online-briefing-with-charge-daffaires-douglas-jones-on-nato-foreign-ministerial/
State Department Press Briefings,https://www.state.gov/department-press-briefings/,Secretary Antony J. Blinken and National Security Advisor Jake Sullivan Statements to the Press,https://www.state.gov/secretary-antony-j-blinken-and-national-security-advisor-jake-sullivan-statements-to-the-press/
State Department Press Briefings,https://www.state.gov/department-press-briefings/,"Department Press Briefing – March 19, 2021",https://www.state.gov/briefings/department-press-briefing-march-19-2021/
State Department Press Briefings,https://www.state.gov/department-press-briefings/,Briefing with European and Eurasian Affairs Acting Assistant Secretary Philip T. Reeker on the Secretary’s Upcoming Travel to Belgium,https://www.state.gov/briefing-with-european-and-eurasian-affairs-acting-assistant-secretary-philip-t-reeker-on-the-secretarys-upcoming-travel-to-belgium/
State Department Press Briefings,https://www.state.gov/department-press-briefings/,"Department Press Briefing – March 18, 2021",https://www.state.gov/briefings/department-press-briefing-march-18-2021/
State Department Press Briefings,https://www.state.gov/department-press-briefings/,"Secretary Antony J. Blinken, Secretary of Defense Lloyd Austin and Republic of Korea President Moon Jae-in Before Their Meeting",https://www.state.gov/secretary-antony-j-blinken-secretary-of-defense-lloyd-austin-and-republic-of-korea-president-moon-jae-in-before-their-meeting/
State Department Press Briefings,https://www.state.gov/department-press-briefings/,"Secretary Antony J. Blinken, Secretary of Defense Lloyd Austin, Republic of Korea Foreign Minister Chung Eui-yong, and Republic of Korea Defense Minister Suh Wook at a Joint Press Availability",https://www.state.gov/secretary-antony-j-blinken-secretary-of-defense-lloyd-austin-republic-of-korea-foreign-minister-chung-eui-yong-and-republic-of-korea-defense-minister-suh-wook-at-a-joint-press-availability/
State Department Press Briefings,https://www.state.gov/department-press-briefings/,"Department Press Briefing – March 17, 2021",https://www.state.gov/briefings/department-press-briefing-march-17-2021/
State Department Press Briefings,https://www.state.gov/department-press-briefings/,"Senior Administration Officials Preview of National Security Advisor Jake Sullivan and Secretary of State Antony J. Blinken’s Trip to Anchorage, Alaska",https://www.state.gov/senior-administration-officials-preview-of-national-security-advisor-jake-sullivan-and-secretary-of-state-antony-j-blinkens-trip-to-anchorage-alaska/
State Department Press Briefings,https://www.state.gov/department-press-briefings/,"Department Press Briefing – March 16, 2021",https://www.state.gov/briefings/department-press-briefing-march-16-2021/
State Department Press Briefings,https://www.state.gov/department-press-briefings/,"Secretary Antony J. Blinken, Secretary of Defense Lloyd Austin, Japanese Foreign Minister Toshimitsu Motegi, and Japanese Defense Minister Nobuo Kishi at a Joint Press Availability",https://www.state.gov/secretary-antony-j-blinken-secretary-of-defense-lloyd-austin-japanese-foreign-minister-toshimitsu-motegi-and-japanese-defense-minister-nobuo-kishi-at-a-joint-press-availability/
State Department Press Briefings,https://www.state.gov/department-press-briefings/,"Department Press Briefing – March 15, 2021",https://www.state.gov/briefings/department-press-briefing-march-15-2021/
State Department Press Briefings,https://www.state.gov/department-press-briefings/,Briefing with Acting Assistant Secretary of State for East Asian and Pacific Affairs Sung Kim and Acting Assistant Secretary of Defense for Indo-Pacific Security Affairs David F. Helvey on the Secretaries’ Upcoming Trip to Japan and Republic of Korea,https://www.state.gov/briefing-with-acting-assistant-secretary-of-state-for-east-asian-and-pacific-affairs-sung-kim-and-acting-assistant-secretary-of-defense-for-indo-pacific-security-affairs-david-f-helvey-on-the-secreta/
State Department Press Briefings,https://www.state.gov/department-press-briefings/,"Department Press Briefing – March 12, 2021",https://www.state.gov/briefings/department-press-briefing-march-12-2021/
State Department Press Briefings,https://www.state.gov/department-press-briefings/,"Department Press Briefing – March 11, 2021",https://www.state.gov/briefings/department-press-briefing-march-11-2021/
State Department Press Briefings,https://www.state.gov/department-press-briefings/,"Department Press Briefing – March 9, 2021",https://www.state.gov/briefings/department-press-briefing-march-9-2021/
State Department Press Briefings,https://www.state.gov/department-press-briefings/,"Department Press Briefing – March 8, 2021",https://www.state.gov/briefings/department-press-briefing-march-8-2021/
State Department Press Briefings,https://www.state.gov/department-press-briefings/,"Department Press Briefing – March 5, 2021",https://www.state.gov/briefings/department-press-briefing-march-5-2021/
State Department Press Briefings,https://www.state.gov/department-press-briefings/,"Department Press Briefing – March 4, 2021",https://www.state.gov/briefings/department-press-briefing-march-4-2021/
State Department Press Briefings,https://www.state.gov/department-press-briefings/,"Department Press Briefing – March 3, 2021",https://www.state.gov/briefings/department-press-briefing-march-3-2021/
State Department Press Briefings,https://www.state.gov/department-press-briefings/,"Department Press Briefing – March 2, 2021",https://www.state.gov/briefings/department-press-briefing-march-2-2021/
State Department Press Briefings,https://www.state.gov/department-press-briefings/,"Department Press Briefing – March 1, 2021",https://www.state.gov/briefings/department-press-briefing-march-1-2021/
State Department Press Briefings,https://www.state.gov/department-press-briefings/,Briefing with Consular Affairs Acting Deputy Assistant Secretary for Visa Services Julie M. Stufft on the Current Status of Immigrant Visa Processing at Embassies and Consulates,https://www.state.gov/briefing-with-consular-affairs-acting-deputy-assistant-secretary-for-visa-services-julie-m-stufft-on-the-current-status-of-immigrant-visa-processing-at-embassies-and-consulates/
State Department Press Briefings,https://www.state.gov/department-press-briefings/,"Department Press Briefing – February 25, 2021",https://www.state.gov/briefings/department-press-briefing-february-25-2021/
State Department Press Briefings,https://www.state.gov/department-press-briefings/,Briefing with Bureau of Western Hemisphere Affairs Acting Assistant Secretary Julie J. Chung On Secretary Blinken’s Upcoming Virtual Trip to Canada and Mexico,https://www.state.gov/briefing-with-bureau-of-western-hemisphere-affairs-acting-assistant-secretary-julie-j-chung-on-secretary-blinkens-upcoming-virtual-trip-to-canada-and-mexico/
State Department Press Briefings,https://www.state.gov/department-press-briefings/,"Department Press Briefing – February 24, 2021",https://www.state.gov/briefings/department-press-briefing-february-24-2021/
State Department Press Briefings,https://www.state.gov/department-press-briefings/,"Department Press Briefing – February 23, 2021",https://www.state.gov/briefings/department-press-briefing-february-23-2021/
State Department Press Briefings,https://www.state.gov/department-press-briefings/,"Department Press Briefing – February 22, 2021",https://www.state.gov/briefings/department-press-briefing-february-22-2021/
State Department Press Briefings,https://www.state.gov/department-press-briefings/,"Department Press Briefing – February 19, 2021",https://www.state.gov/briefings/department-press-briefing-february-19-2021/
State Department Press Briefings,https://www.state.gov/department-press-briefings/,Briefing with Senior State Department Officials on Diplomacy to Constrain Iran’s Nuclear Program,https://www.state.gov/briefing-with-senior-state-department-officials-on-diplomacy-to-constrain-irans-nuclear-program/
State Department Press Briefings,https://www.state.gov/department-press-briefings/,"Department Press Briefing – February 17, 2021",https://www.state.gov/briefings/department-press-briefing-february-17-2021/
State Department Press Briefings,https://www.state.gov/department-press-briefings/,"Department Press Briefing – February 16, 2021",https://www.state.gov/briefings/department-press-briefing-february-16-2021/
State Department Press Briefings,https://www.state.gov/department-press-briefings/,"Department Press Briefing – February 12, 2021",https://www.state.gov/briefings/department-press-briefing-february-12-2021/
State Department Press Briefings,https://www.state.gov/department-press-briefings/,"Department Press Briefing – February 11, 2021",https://www.state.gov/briefings/department-press-briefing-february-11-2021/
State Department Press Briefings,https://www.state.gov/department-press-briefings/,"Department Press Briefing – February 10, 2021",https://www.state.gov/briefings/state-department-spokesperson-ned-price-holds-department-press-briefing-on-february-10-2021/
State Department Press Briefings,https://www.state.gov/department-press-briefings/,"Department Press Briefing – February 9, 2021",https://www.state.gov/briefings/department-press-briefing-february-9-2021/
State Department Press Briefings,https://www.state.gov/department-press-briefings/,"Department Press Briefing – February 8, 2021",https://www.state.gov/briefings/department-press-briefing-february-8-2021/
State Department Press Briefings,https://www.state.gov/department-press-briefings/,"Department Press Briefing – February 5, 2021",https://www.state.gov/briefings/department-press-briefing-february-5-2021/
State Department Press Briefings,https://www.state.gov/department-press-briefings/,"Department Press Briefing – February 3, 2021",https://www.state.gov/briefings/department-press-briefing-february-3-2021/
State Department Press Briefings,https://www.state.gov/department-press-briefings/,"Department Press Briefing – February 2, 2021",https://www.state.gov/briefings/department-press-briefing-february-2-2021/
State Department Press Briefings,https://www.state.gov/department-press-briefings/,Briefing with Senior State Department Officials On the State Department’s Assessment of Recent Events in Burma,https://www.state.gov/briefing-with-senior-state-department-officials-on-the-state-departments-assessment-of-recent-events-in-burma/
State Department Press Briefings,https://www.state.gov/department-press-briefings/,Secretary Antony J. Blinken at a Press Availability,https://www.state.gov/secretary-antony-j-blinken-at-a-press-availability/
State Department Press Briefings,https://www.state.gov/department-press-briefings/,Briefing on New COVID Testing Requirements for International Travelers,https://www.state.gov/briefing-with-acting-assistant-secretary-for-consular-affairs-ian-brownlee-and-cdc-director-for-global-migration-and-quarantine-marty-cetron-on-new-covid-testing-requirements-for-international-travele/
